,championId,pickTurn,name,gameNumber,isTiebreaker,isPlayoff
1,516,1,Ornn,1,FALSE,FALSE
2,96,2,Kog'Maw,1,FALSE,FALSE
3,142,3,Zoe,1,FALSE,FALSE
4,223,4,Tahm Kench,1,FALSE,FALSE
5,268,5,Azir,1,FALSE,FALSE
6,81,6,Ezreal,1,FALSE,FALSE
7,201,7,Braum,1,FALSE,FALSE
8,412,8,Thresh,1,FALSE,FALSE
9,98,9,Shen,1,FALSE,FALSE
10,121,10,Kha'Zix,1,FALSE,FALSE
11,223,1,Tahm Kench,2,FALSE,FALSE
12,142,2,Zoe,2,FALSE,FALSE
13,61,3,Orianna,2,FALSE,FALSE
14,28,4,Evelynn,2,FALSE,FALSE
15,429,5,Kalista,2,FALSE,FALSE
16,268,6,Azir,2,FALSE,FALSE
17,41,7,Gangplank,2,FALSE,FALSE
18,44,8,Taric,2,FALSE,FALSE
19,150,9,Gnar,2,FALSE,FALSE
20,516,10,Ornn,2,FALSE,FALSE
21,107,1,Rengar,3,FALSE,FALSE
22,429,2,Kalista,3,FALSE,FALSE
23,201,3,Braum,3,FALSE,FALSE
24,150,4,Gnar,3,FALSE,FALSE
25,164,5,Camille,3,FALSE,FALSE
26,142,6,Zoe,3,FALSE,FALSE
27,7,7,LeBlanc,3,FALSE,FALSE
28,223,8,Tahm Kench,3,FALSE,FALSE
29,13,9,Ryze,3,FALSE,FALSE
30,12,10,Alistar,3,FALSE,FALSE
31,429,1,Kalista,4,FALSE,FALSE
32,142,2,Zoe,4,FALSE,FALSE
33,223,3,Tahm Kench,4,FALSE,FALSE
34,268,4,Azir,4,FALSE,FALSE
35,18,5,Tristana,4,FALSE,FALSE
36,81,6,Ezreal,4,FALSE,FALSE
37,164,7,Camille,4,FALSE,FALSE
38,516,8,Ornn,4,FALSE,FALSE
39,40,9,Janna,4,FALSE,FALSE
40,126,10,Jayce,4,FALSE,FALSE
41,98,1,Shen,5,FALSE,FALSE
42,81,2,Ezreal,5,FALSE,FALSE
43,8,3,Vladimir,5,FALSE,FALSE
44,429,4,Kalista,5,FALSE,FALSE
45,96,5,Kog'Maw,5,FALSE,FALSE
46,142,6,Zoe,5,FALSE,FALSE
47,121,7,Kha'Zix,5,FALSE,FALSE
48,69,8,Cassiopeia,5,FALSE,FALSE
49,59,9,Jarvan IV,5,FALSE,FALSE
50,28,10,Evelynn,5,FALSE,FALSE
51,18,1,Tristana,6,FALSE,FALSE
52,81,2,Ezreal,6,FALSE,FALSE
53,41,3,Gangplank,6,FALSE,FALSE
54,142,4,Zoe,6,FALSE,FALSE
55,268,5,Azir,6,FALSE,FALSE
56,223,6,Tahm Kench,6,FALSE,FALSE
57,201,7,Braum,6,FALSE,FALSE
58,79,8,Gragas,6,FALSE,FALSE
59,25,9,Morgana,6,FALSE,FALSE
60,12,10,Alistar,6,FALSE,FALSE
61,516,1,Ornn,7,FALSE,FALSE
62,81,2,Ezreal,7,FALSE,FALSE
63,90,3,Malzahar,7,FALSE,FALSE
64,41,4,Gangplank,7,FALSE,FALSE
65,142,5,Zoe,7,FALSE,FALSE
66,13,6,Ryze,7,FALSE,FALSE
67,12,7,Alistar,7,FALSE,FALSE
68,164,8,Camille,7,FALSE,FALSE
69,98,9,Shen,7,FALSE,FALSE
70,126,10,Jayce,7,FALSE,FALSE
71,136,1,Aurelion Sol,8,FALSE,FALSE
72,142,2,Zoe,8,FALSE,FALSE
73,223,3,Tahm Kench,8,FALSE,FALSE
74,13,4,Ryze,8,FALSE,FALSE
75,429,5,Kalista,8,FALSE,FALSE
76,516,6,Ornn,8,FALSE,FALSE
77,28,7,Evelynn,8,FALSE,FALSE
78,18,8,Tristana,8,FALSE,FALSE
79,154,9,Zac,8,FALSE,FALSE
80,96,10,Kog'Maw,8,FALSE,FALSE
81,516,1,Ornn,9,FALSE,FALSE
82,81,2,Ezreal,9,FALSE,FALSE
83,107,3,Rengar,9,FALSE,FALSE
84,429,4,Kalista,9,FALSE,FALSE
85,26,5,Zilean,9,FALSE,FALSE
86,96,6,Kog'Maw,9,FALSE,FALSE
87,201,7,Braum,9,FALSE,FALSE
88,150,8,Gnar,9,FALSE,FALSE
89,12,9,Alistar,9,FALSE,FALSE
90,164,10,Camille,9,FALSE,FALSE
91,223,1,Tahm Kench,10,FALSE,FALSE
92,41,2,Gangplank,10,FALSE,FALSE
93,429,3,Kalista,10,FALSE,FALSE
94,96,4,Kog'Maw,10,FALSE,FALSE
95,142,5,Zoe,10,FALSE,FALSE
96,98,6,Shen,10,FALSE,FALSE
97,12,7,Alistar,10,FALSE,FALSE
98,121,8,Kha'Zix,10,FALSE,FALSE
99,107,9,Rengar,10,FALSE,FALSE
100,28,10,Evelynn,10,FALSE,FALSE
101,136,1,Aurelion Sol,11,FALSE,FALSE
102,28,2,Evelynn,11,FALSE,FALSE
103,429,3,Kalista,11,FALSE,FALSE
104,142,4,Zoe,11,FALSE,FALSE
105,107,5,Rengar,11,FALSE,FALSE
106,516,6,Ornn,11,FALSE,FALSE
107,59,7,Jarvan IV,11,FALSE,FALSE
108,12,8,Alistar,11,FALSE,FALSE
109,44,9,Taric,11,FALSE,FALSE
110,150,10,Gnar,11,FALSE,FALSE
111,61,1,Orianna,12,FALSE,FALSE
112,142,2,Zoe,12,FALSE,FALSE
113,429,3,Kalista,12,FALSE,FALSE
114,223,4,Tahm Kench,12,FALSE,FALSE
115,44,5,Taric,12,FALSE,FALSE
116,13,6,Ryze,12,FALSE,FALSE
117,154,7,Zac,12,FALSE,FALSE
118,96,8,Kog'Maw,12,FALSE,FALSE
119,59,9,Jarvan IV,12,FALSE,FALSE
120,8,10,Vladimir,12,FALSE,FALSE
121,268,1,Azir,13,FALSE,FALSE
122,142,2,Zoe,13,FALSE,FALSE
123,201,3,Braum,13,FALSE,FALSE
124,223,4,Tahm Kench,13,FALSE,FALSE
125,516,5,Ornn,13,FALSE,FALSE
126,96,6,Kog'Maw,13,FALSE,FALSE
127,18,7,Tristana,13,FALSE,FALSE
128,98,8,Shen,13,FALSE,FALSE
129,110,9,Varus,13,FALSE,FALSE
130,154,10,Zac,13,FALSE,FALSE
131,429,1,Kalista,14,FALSE,FALSE
132,41,2,Gangplank,14,FALSE,FALSE
133,223,3,Tahm Kench,14,FALSE,FALSE
134,516,4,Ornn,14,FALSE,FALSE
135,126,5,Jayce,14,FALSE,FALSE
136,142,6,Zoe,14,FALSE,FALSE
137,154,7,Zac,14,FALSE,FALSE
138,44,8,Taric,14,FALSE,FALSE
139,28,9,Evelynn,14,FALSE,FALSE
140,25,10,Morgana,14,FALSE,FALSE
141,41,1,Gangplank,15,FALSE,FALSE
142,142,2,Zoe,15,FALSE,FALSE
143,268,3,Azir,15,FALSE,FALSE
144,90,4,Malzahar,15,FALSE,FALSE
145,126,5,Jayce,15,FALSE,FALSE
146,150,6,Gnar,15,FALSE,FALSE
147,59,7,Jarvan IV,15,FALSE,FALSE
148,420,8,Illaoi,15,FALSE,FALSE
149,8,9,Vladimir,15,FALSE,FALSE
150,114,10,Fiora,15,FALSE,FALSE
151,429,1,Kalista,16,FALSE,FALSE
152,98,2,Shen,16,FALSE,FALSE
153,223,3,Tahm Kench,16,FALSE,FALSE
154,236,4,Lucian,16,FALSE,FALSE
155,3,5,Galio,16,FALSE,FALSE
156,96,6,Kog'Maw,16,FALSE,FALSE
157,44,7,Taric,16,FALSE,FALSE
158,121,8,Kha'Zix,16,FALSE,FALSE
159,28,9,Evelynn,16,FALSE,FALSE
160,113,10,Sejuani,16,FALSE,FALSE
161,268,1,Azir,17,FALSE,FALSE
162,223,2,Tahm Kench,17,FALSE,FALSE
163,201,3,Braum,17,FALSE,FALSE
164,96,4,Kog'Maw,17,FALSE,FALSE
165,142,5,Zoe,17,FALSE,FALSE
166,126,6,Jayce,17,FALSE,FALSE
167,18,7,Tristana,17,FALSE,FALSE
168,12,8,Alistar,17,FALSE,FALSE
169,15,9,Sivir,17,FALSE,FALSE
170,13,10,Ryze,17,FALSE,FALSE
171,96,1,Kog'Maw,18,FALSE,FALSE
172,61,2,Orianna,18,FALSE,FALSE
173,13,3,Ryze,18,FALSE,FALSE
174,268,4,Azir,18,FALSE,FALSE
175,41,5,Gangplank,18,FALSE,FALSE
176,142,6,Zoe,18,FALSE,FALSE
177,107,7,Rengar,18,FALSE,FALSE
178,154,8,Zac,18,FALSE,FALSE
179,516,9,Ornn,18,FALSE,FALSE
180,113,10,Sejuani,18,FALSE,FALSE
181,126,1,Jayce,19,FALSE,FALSE
182,142,2,Zoe,19,FALSE,FALSE
183,113,3,Sejuani,19,FALSE,FALSE
184,429,4,Kalista,19,FALSE,FALSE
185,516,5,Ornn,19,FALSE,FALSE
186,107,6,Rengar,19,FALSE,FALSE
187,61,7,Orianna,19,FALSE,FALSE
188,223,8,Tahm Kench,19,FALSE,FALSE
189,90,9,Malzahar,19,FALSE,FALSE
190,110,10,Varus,19,FALSE,FALSE
191,516,1,Ornn,20,FALSE,FALSE
192,429,2,Kalista,20,FALSE,FALSE
193,110,3,Varus,20,FALSE,FALSE
194,126,4,Jayce,20,FALSE,FALSE
195,142,5,Zoe,20,FALSE,FALSE
196,223,6,Tahm Kench,20,FALSE,FALSE
197,59,7,Jarvan IV,20,FALSE,FALSE
198,96,8,Kog'Maw,20,FALSE,FALSE
199,154,9,Zac,20,FALSE,FALSE
200,81,10,Ezreal,20,FALSE,FALSE
201,154,1,Zac,21,FALSE,FALSE
202,136,2,Aurelion Sol,21,FALSE,FALSE
203,69,3,Cassiopeia,21,FALSE,FALSE
204,223,4,Tahm Kench,21,FALSE,FALSE
205,268,5,Azir,21,FALSE,FALSE
206,113,6,Sejuani,21,FALSE,FALSE
207,44,7,Taric,21,FALSE,FALSE
208,98,8,Shen,21,FALSE,FALSE
209,40,9,Janna,21,FALSE,FALSE
210,12,10,Alistar,21,FALSE,FALSE
211,69,1,Cassiopeia,22,FALSE,FALSE
212,142,2,Zoe,22,FALSE,FALSE
213,3,3,Galio,22,FALSE,FALSE
214,268,4,Azir,22,FALSE,FALSE
215,96,5,Kog'Maw,22,FALSE,FALSE
216,41,6,Gangplank,22,FALSE,FALSE
217,28,7,Evelynn,22,FALSE,FALSE
218,201,8,Braum,22,FALSE,FALSE
219,154,9,Zac,22,FALSE,FALSE
220,126,10,Jayce,22,FALSE,FALSE
221,13,1,Ryze,23,FALSE,FALSE
222,110,2,Varus,23,FALSE,FALSE
223,42,3,Corki,23,FALSE,FALSE
224,41,4,Gangplank,23,FALSE,FALSE
225,142,5,Zoe,23,FALSE,FALSE
226,268,6,Azir,23,FALSE,FALSE
227,164,7,Camille,23,FALSE,FALSE
228,44,8,Taric,23,FALSE,FALSE
229,412,9,Thresh,23,FALSE,FALSE
230,12,10,Alistar,23,FALSE,FALSE
231,18,1,Tristana,24,FALSE,FALSE
232,96,2,Kog'Maw,24,FALSE,FALSE
233,163,3,Taliyah,24,FALSE,FALSE
234,20,4,Nunu,24,FALSE,FALSE
235,429,5,Kalista,24,FALSE,FALSE
236,142,6,Zoe,24,FALSE,FALSE
237,154,7,Zac,24,FALSE,FALSE
238,79,8,Gragas,24,FALSE,FALSE
239,164,9,Camille,24,FALSE,FALSE
240,41,10,Gangplank,24,FALSE,FALSE
241,429,1,Kalista,25,FALSE,FALSE
242,142,2,Zoe,25,FALSE,FALSE
243,3,3,Galio,25,FALSE,FALSE
244,268,4,Azir,25,FALSE,FALSE
245,107,5,Rengar,25,FALSE,FALSE
246,13,6,Ryze,25,FALSE,FALSE
247,40,7,Janna,25,FALSE,FALSE
248,164,8,Camille,25,FALSE,FALSE
249,126,9,Jayce,25,FALSE,FALSE
250,44,10,Taric,25,FALSE,FALSE
251,81,1,Ezreal,26,FALSE,FALSE
252,142,2,Zoe,26,FALSE,FALSE
253,20,3,Nunu,26,FALSE,FALSE
254,41,4,Gangplank,26,FALSE,FALSE
255,18,5,Tristana,26,FALSE,FALSE
256,268,6,Azir,26,FALSE,FALSE
257,12,7,Alistar,26,FALSE,FALSE
258,113,8,Sejuani,26,FALSE,FALSE
259,98,9,Shen,26,FALSE,FALSE
260,107,10,Rengar,26,FALSE,FALSE
261,164,1,Camille,27,FALSE,FALSE
262,13,2,Ryze,27,FALSE,FALSE
263,268,3,Azir,27,FALSE,FALSE
264,142,4,Zoe,27,FALSE,FALSE
265,3,5,Galio,27,FALSE,FALSE
266,42,6,Corki,27,FALSE,FALSE
267,150,7,Gnar,27,FALSE,FALSE
268,201,8,Braum,27,FALSE,FALSE
269,126,9,Jayce,27,FALSE,FALSE
270,18,10,Tristana,27,FALSE,FALSE
271,126,1,Jayce,28,FALSE,FALSE
272,20,2,Nunu,28,FALSE,FALSE
273,41,3,Gangplank,28,FALSE,FALSE
274,164,4,Camille,28,FALSE,FALSE
275,42,5,Corki,28,FALSE,FALSE
276,107,6,Rengar,28,FALSE,FALSE
277,223,7,Tahm Kench,28,FALSE,FALSE
278,40,8,Janna,28,FALSE,FALSE
279,121,9,Kha'Zix,28,FALSE,FALSE
280,25,10,Morgana,28,FALSE,FALSE
281,13,1,Ryze,29,FALSE,FALSE
282,142,2,Zoe,29,FALSE,FALSE
283,163,3,Taliyah,29,FALSE,FALSE
284,3,4,Galio,29,FALSE,FALSE
285,90,5,Malzahar,29,FALSE,FALSE
286,268,6,Azir,29,FALSE,FALSE
287,154,7,Zac,29,FALSE,FALSE
288,134,8,Syndra,29,FALSE,FALSE
289,59,9,Jarvan IV,29,FALSE,FALSE
290,136,10,Aurelion Sol,29,FALSE,FALSE
291,163,1,Taliyah,30,FALSE,FALSE
292,142,2,Zoe,30,FALSE,FALSE
293,154,3,Zac,30,FALSE,FALSE
294,429,4,Kalista,30,FALSE,FALSE
295,268,5,Azir,30,FALSE,FALSE
296,3,6,Galio,30,FALSE,FALSE
297,136,7,Aurelion Sol,30,FALSE,FALSE
298,69,8,Cassiopeia,30,FALSE,FALSE
299,90,9,Malzahar,30,FALSE,FALSE
300,13,10,Ryze,30,FALSE,FALSE
301,90,1,Malzahar,31,FALSE,FALSE
302,142,2,Zoe,31,FALSE,FALSE
303,3,3,Galio,31,FALSE,FALSE
304,163,4,Taliyah,31,FALSE,FALSE
305,13,5,Ryze,31,FALSE,FALSE
306,268,6,Azir,31,FALSE,FALSE
307,18,7,Tristana,31,FALSE,FALSE
308,154,8,Zac,31,FALSE,FALSE
309,429,9,Kalista,31,FALSE,FALSE
310,59,10,Jarvan IV,31,FALSE,FALSE
311,164,1,Camille,32,FALSE,FALSE
312,268,2,Azir,32,FALSE,FALSE
313,113,3,Sejuani,32,FALSE,FALSE
314,13,4,Ryze,32,FALSE,FALSE
315,497,5,Rakan,32,FALSE,FALSE
316,142,6,Zoe,32,FALSE,FALSE
317,44,7,Taric,32,FALSE,FALSE
318,110,8,Varus,32,FALSE,FALSE
319,223,9,Tahm Kench,32,FALSE,FALSE
320,429,10,Kalista,32,FALSE,FALSE
321,429,1,Kalista,33,FALSE,FALSE
322,142,2,Zoe,33,FALSE,FALSE
323,3,3,Galio,33,FALSE,FALSE
324,516,4,Ornn,33,FALSE,FALSE
325,41,5,Gangplank,33,FALSE,FALSE
326,126,6,Jayce,33,FALSE,FALSE
327,107,7,Rengar,33,FALSE,FALSE
328,12,8,Alistar,33,FALSE,FALSE
329,110,9,Varus,33,FALSE,FALSE
330,44,10,Taric,33,FALSE,FALSE
331,429,1,Kalista,34,FALSE,FALSE
332,142,2,Zoe,34,FALSE,FALSE
333,81,3,Ezreal,34,FALSE,FALSE
334,113,4,Sejuani,34,FALSE,FALSE
335,20,5,Nunu,34,FALSE,FALSE
336,96,6,Kog'Maw,34,FALSE,FALSE
337,201,7,Braum,34,FALSE,FALSE
338,69,8,Cassiopeia,34,FALSE,FALSE
339,12,9,Alistar,34,FALSE,FALSE
340,163,10,Taliyah,34,FALSE,FALSE
341,18,1,Tristana,35,FALSE,FALSE
342,268,2,Azir,35,FALSE,FALSE
343,497,3,Rakan,35,FALSE,FALSE
344,41,4,Gangplank,35,FALSE,FALSE
345,150,5,Gnar,35,FALSE,FALSE
346,429,6,Kalista,35,FALSE,FALSE
347,126,7,Jayce,35,FALSE,FALSE
348,44,8,Taric,35,FALSE,FALSE
349,114,9,Fiora,35,FALSE,FALSE
350,12,10,Alistar,35,FALSE,FALSE
351,3,1,Galio,36,FALSE,FALSE
352,113,2,Sejuani,36,FALSE,FALSE
353,69,3,Cassiopeia,36,FALSE,FALSE
354,142,4,Zoe,36,FALSE,FALSE
355,498,5,Xayah,36,FALSE,FALSE
356,13,6,Ryze,36,FALSE,FALSE
357,110,7,Varus,36,FALSE,FALSE
358,154,8,Zac,36,FALSE,FALSE
359,429,9,Kalista,36,FALSE,FALSE
360,59,10,Jarvan IV,36,FALSE,FALSE
361,3,1,Galio,37,FALSE,FALSE
362,142,2,Zoe,37,FALSE,FALSE
363,429,3,Kalista,37,FALSE,FALSE
364,41,4,Gangplank,37,FALSE,FALSE
365,150,5,Gnar,37,FALSE,FALSE
366,13,6,Ryze,37,FALSE,FALSE
367,126,7,Jayce,37,FALSE,FALSE
368,201,8,Braum,37,FALSE,FALSE
369,114,9,Fiora,37,FALSE,FALSE
370,107,10,Rengar,37,FALSE,FALSE
371,136,1,Aurelion Sol,38,FALSE,FALSE
372,142,2,Zoe,38,FALSE,FALSE
373,13,3,Ryze,38,FALSE,FALSE
374,163,4,Taliyah,38,FALSE,FALSE
375,164,5,Camille,38,FALSE,FALSE
376,268,6,Azir,38,FALSE,FALSE
377,516,7,Ornn,38,FALSE,FALSE
378,126,8,Jayce,38,FALSE,FALSE
379,497,9,Rakan,38,FALSE,FALSE
380,42,10,Corki,38,FALSE,FALSE
381,236,1,Lucian,39,FALSE,FALSE
382,142,2,Zoe,39,FALSE,FALSE
383,164,3,Camille,39,FALSE,FALSE
384,18,4,Tristana,39,FALSE,FALSE
385,268,5,Azir,39,FALSE,FALSE
386,163,6,Taliyah,39,FALSE,FALSE
387,81,7,Ezreal,39,FALSE,FALSE
388,12,8,Alistar,39,FALSE,FALSE
389,110,9,Varus,39,FALSE,FALSE
390,98,10,Shen,39,FALSE,FALSE
391,41,1,Gangplank,40,FALSE,FALSE
392,142,2,Zoe,40,FALSE,FALSE
393,42,3,Corki,40,FALSE,FALSE
394,163,4,Taliyah,40,FALSE,FALSE
395,13,5,Ryze,40,FALSE,FALSE
396,268,6,Azir,40,FALSE,FALSE
397,29,7,Twitch,40,FALSE,FALSE
398,44,8,Taric,40,FALSE,FALSE
399,96,9,Kog'Maw,40,FALSE,FALSE
400,72,10,Skarner,40,FALSE,FALSE
401,268,1,Azir,41,FALSE,FALSE
402,41,2,Gangplank,41,FALSE,FALSE
403,516,3,Ornn,41,FALSE,FALSE
404,72,4,Skarner,41,FALSE,FALSE
405,18,5,Tristana,41,FALSE,FALSE
406,113,6,Sejuani,41,FALSE,FALSE
407,107,7,Rengar,41,FALSE,FALSE
408,44,8,Taric,41,FALSE,FALSE
409,223,9,Tahm Kench,41,FALSE,FALSE
410,121,10,Kha'Zix,41,FALSE,FALSE
411,72,1,Skarner,42,FALSE,FALSE
412,41,2,Gangplank,42,FALSE,FALSE
413,3,3,Galio,42,FALSE,FALSE
414,429,4,Kalista,42,FALSE,FALSE
415,13,5,Ryze,42,FALSE,FALSE
416,154,6,Zac,42,FALSE,FALSE
417,164,7,Camille,42,FALSE,FALSE
418,110,8,Varus,42,FALSE,FALSE
419,8,9,Vladimir,42,FALSE,FALSE
420,498,10,Xayah,42,FALSE,FALSE
421,3,1,Galio,43,FALSE,FALSE
422,41,2,Gangplank,43,FALSE,FALSE
423,13,3,Ryze,43,FALSE,FALSE
424,12,4,Alistar,43,FALSE,FALSE
425,268,5,Azir,43,FALSE,FALSE
426,142,6,Zoe,43,FALSE,FALSE
427,42,7,Corki,43,FALSE,FALSE
428,164,8,Camille,43,FALSE,FALSE
429,69,9,Cassiopeia,43,FALSE,FALSE
430,110,10,Varus,43,FALSE,FALSE
431,13,1,Ryze,44,FALSE,FALSE
432,142,2,Zoe,44,FALSE,FALSE
433,163,3,Taliyah,44,FALSE,FALSE
434,41,4,Gangplank,44,FALSE,FALSE
435,3,5,Galio,44,FALSE,FALSE
436,268,6,Azir,44,FALSE,FALSE
437,429,7,Kalista,44,FALSE,FALSE
438,12,8,Alistar,44,FALSE,FALSE
439,51,9,Caitlyn,44,FALSE,FALSE
440,136,10,Aurelion Sol,44,FALSE,FALSE
441,3,1,Galio,45,FALSE,FALSE
442,142,2,Zoe,45,FALSE,FALSE
443,42,3,Corki,45,FALSE,FALSE
444,268,4,Azir,45,FALSE,FALSE
445,41,5,Gangplank,45,FALSE,FALSE
446,13,6,Ryze,45,FALSE,FALSE
447,110,7,Varus,45,FALSE,FALSE
448,98,8,Shen,45,FALSE,FALSE
449,81,9,Ezreal,45,FALSE,FALSE
450,4,10,Twisted Fate,45,FALSE,FALSE
451,13,1,Ryze,46,FALSE,FALSE
452,41,2,Gangplank,46,FALSE,FALSE
453,3,3,Galio,46,FALSE,FALSE
454,110,4,Varus,46,FALSE,FALSE
455,163,5,Taliyah,46,FALSE,FALSE
456,516,6,Ornn,46,FALSE,FALSE
457,51,7,Caitlyn,46,FALSE,FALSE
458,12,8,Alistar,46,FALSE,FALSE
459,98,9,Shen,46,FALSE,FALSE
460,223,10,Tahm Kench,46,FALSE,FALSE
461,268,1,Azir,47,FALSE,FALSE
462,41,2,Gangplank,47,FALSE,FALSE
463,3,3,Galio,47,FALSE,FALSE
464,142,4,Zoe,47,FALSE,FALSE
465,516,5,Ornn,47,FALSE,FALSE
466,164,6,Camille,47,FALSE,FALSE
467,223,7,Tahm Kench,47,FALSE,FALSE
468,25,8,Morgana,47,FALSE,FALSE
469,112,9,Viktor,47,FALSE,FALSE
470,13,10,Ryze,47,FALSE,FALSE
471,72,1,Skarner,48,FALSE,FALSE
472,142,2,Zoe,48,FALSE,FALSE
473,150,3,Gnar,48,FALSE,FALSE
474,268,4,Azir,48,FALSE,FALSE
475,13,5,Ryze,48,FALSE,FALSE
476,18,6,Tristana,48,FALSE,FALSE
477,44,7,Taric,48,FALSE,FALSE
478,163,8,Taliyah,48,FALSE,FALSE
479,201,9,Braum,48,FALSE,FALSE
480,164,10,Camille,48,FALSE,FALSE
481,3,1,Galio,49,FALSE,FALSE
482,142,2,Zoe,49,FALSE,FALSE
483,429,3,Kalista,49,FALSE,FALSE
484,72,4,Skarner,49,FALSE,FALSE
485,136,5,Aurelion Sol,49,FALSE,FALSE
486,41,6,Gangplank,49,FALSE,FALSE
487,516,7,Ornn,49,FALSE,FALSE
488,61,8,Orianna,49,FALSE,FALSE
489,12,9,Alistar,49,FALSE,FALSE
490,201,10,Braum,49,FALSE,FALSE
491,61,1,Orianna,50,FALSE,FALSE
492,142,2,Zoe,50,FALSE,FALSE
493,516,3,Ornn,50,FALSE,FALSE
494,41,4,Gangplank,50,FALSE,FALSE
495,429,5,Kalista,50,FALSE,FALSE
496,3,6,Galio,50,FALSE,FALSE
497,44,7,Taric,50,FALSE,FALSE
498,112,8,Viktor,50,FALSE,FALSE
499,223,9,Tahm Kench,50,FALSE,FALSE
500,164,10,Camille,50,FALSE,FALSE
501,268,1,Azir,51,FALSE,FALSE
502,142,2,Zoe,51,FALSE,FALSE
503,69,3,Cassiopeia,51,FALSE,FALSE
504,13,4,Ryze,51,FALSE,FALSE
505,12,5,Alistar,51,FALSE,FALSE
506,164,6,Camille,51,FALSE,FALSE
507,497,7,Rakan,51,FALSE,FALSE
508,201,8,Braum,51,FALSE,FALSE
509,18,9,Tristana,51,FALSE,FALSE
510,223,10,Tahm Kench,51,FALSE,FALSE
511,110,1,Varus,52,FALSE,FALSE
512,142,2,Zoe,52,FALSE,FALSE
513,3,3,Galio,52,FALSE,FALSE
514,41,4,Gangplank,52,FALSE,FALSE
515,516,5,Ornn,52,FALSE,FALSE
516,72,6,Skarner,52,FALSE,FALSE
517,223,7,Tahm Kench,52,FALSE,FALSE
518,12,8,Alistar,52,FALSE,FALSE
519,412,9,Thresh,52,FALSE,FALSE
520,201,10,Braum,52,FALSE,FALSE
521,13,1,Ryze,53,FALSE,FALSE
522,72,2,Skarner,53,FALSE,FALSE
523,41,3,Gangplank,53,FALSE,FALSE
524,268,4,Azir,53,FALSE,FALSE
525,154,5,Zac,53,FALSE,FALSE
526,142,6,Zoe,53,FALSE,FALSE
527,18,7,Tristana,53,FALSE,FALSE
528,98,8,Shen,53,FALSE,FALSE
529,59,9,Jarvan IV,53,FALSE,FALSE
530,223,10,Tahm Kench,53,FALSE,FALSE
531,268,1,Azir,54,FALSE,FALSE
532,142,2,Zoe,54,FALSE,FALSE
533,112,3,Viktor,54,FALSE,FALSE
534,41,4,Gangplank,54,FALSE,FALSE
535,134,5,Syndra,54,FALSE,FALSE
536,3,6,Galio,54,FALSE,FALSE
537,98,7,Shen,54,FALSE,FALSE
538,429,8,Kalista,54,FALSE,FALSE
539,114,9,Fiora,54,FALSE,FALSE
540,498,10,Xayah,54,FALSE,FALSE
541,41,1,Gangplank,55,FALSE,FALSE
542,142,2,Zoe,55,FALSE,FALSE
543,3,3,Galio,55,FALSE,FALSE
544,72,4,Skarner,55,FALSE,FALSE
545,497,5,Rakan,55,FALSE,FALSE
546,14,6,Sion,55,FALSE,FALSE
547,18,7,Tristana,55,FALSE,FALSE
548,44,8,Taric,55,FALSE,FALSE
549,110,9,Varus,55,FALSE,FALSE
550,516,10,Ornn,55,FALSE,FALSE
551,3,1,Galio,56,FALSE,FALSE
552,72,2,Skarner,56,FALSE,FALSE
553,268,3,Azir,56,FALSE,FALSE
554,41,4,Gangplank,56,FALSE,FALSE
555,163,5,Taliyah,56,FALSE,FALSE
556,142,6,Zoe,56,FALSE,FALSE
557,223,7,Tahm Kench,56,FALSE,FALSE
558,24,8,Jax,56,FALSE,FALSE
559,497,9,Rakan,56,FALSE,FALSE
560,154,10,Zac,56,FALSE,FALSE
561,412,1,Thresh,57,FALSE,FALSE
562,72,2,Skarner,57,FALSE,FALSE
563,110,3,Varus,57,FALSE,FALSE
564,41,4,Gangplank,57,FALSE,FALSE
565,113,5,Sejuani,57,FALSE,FALSE
566,3,6,Galio,57,FALSE,FALSE
567,516,7,Ornn,57,FALSE,FALSE
568,12,8,Alistar,57,FALSE,FALSE
569,14,9,Sion,57,FALSE,FALSE
570,201,10,Braum,57,FALSE,FALSE
571,72,1,Skarner,58,FALSE,FALSE
572,142,2,Zoe,58,FALSE,FALSE
573,14,3,Sion,58,FALSE,FALSE
574,41,4,Gangplank,58,FALSE,FALSE
575,18,5,Tristana,58,FALSE,FALSE
576,268,6,Azir,58,FALSE,FALSE
577,114,7,Fiora,58,FALSE,FALSE
578,81,8,Ezreal,58,FALSE,FALSE
579,201,9,Braum,58,FALSE,FALSE
580,498,10,Xayah,58,FALSE,FALSE
581,164,1,Camille,59,FALSE,FALSE
582,41,2,Gangplank,59,FALSE,FALSE
583,3,3,Galio,59,FALSE,FALSE
584,72,4,Skarner,59,FALSE,FALSE
585,420,5,Illaoi,59,FALSE,FALSE
586,142,6,Zoe,59,FALSE,FALSE
587,12,7,Alistar,59,FALSE,FALSE
588,24,8,Jax,59,FALSE,FALSE
589,412,9,Thresh,59,FALSE,FALSE
590,150,10,Gnar,59,FALSE,FALSE
591,3,1,Galio,60,FALSE,FALSE
592,72,2,Skarner,60,FALSE,FALSE
593,268,3,Azir,60,FALSE,FALSE
594,142,4,Zoe,60,FALSE,FALSE
595,150,5,Gnar,60,FALSE,FALSE
596,41,6,Gangplank,60,FALSE,FALSE
597,420,7,Illaoi,60,FALSE,FALSE
598,121,8,Kha'Zix,60,FALSE,FALSE
599,13,9,Ryze,60,FALSE,FALSE
600,154,10,Zac,60,FALSE,FALSE
601,69,1,Cassiopeia,61,FALSE,FALSE
602,13,2,Ryze,61,FALSE,FALSE
603,113,3,Sejuani,61,FALSE,FALSE
604,72,4,Skarner,61,FALSE,FALSE
605,3,5,Galio,61,FALSE,FALSE
606,268,6,Azir,61,FALSE,FALSE
607,31,7,Cho'Gath,61,FALSE,FALSE
608,48,8,Trundle,61,FALSE,FALSE
609,163,9,Taliyah,61,FALSE,FALSE
610,41,10,Gangplank,61,FALSE,FALSE
611,69,1,Cassiopeia,62,FALSE,FALSE
612,72,2,Skarner,62,FALSE,FALSE
613,14,3,Sion,62,FALSE,FALSE
614,13,4,Ryze,62,FALSE,FALSE
615,497,5,Rakan,62,FALSE,FALSE
616,3,6,Galio,62,FALSE,FALSE
617,163,7,Taliyah,62,FALSE,FALSE
618,154,8,Zac,62,FALSE,FALSE
619,112,9,Viktor,62,FALSE,FALSE
620,98,10,Shen,62,FALSE,FALSE
621,268,1,Azir,63,FALSE,FALSE
622,3,2,Galio,63,FALSE,FALSE
623,51,3,Caitlyn,63,FALSE,FALSE
624,72,4,Skarner,63,FALSE,FALSE
625,14,5,Sion,63,FALSE,FALSE
626,98,6,Shen,63,FALSE,FALSE
627,69,7,Cassiopeia,63,FALSE,FALSE
628,420,8,Illaoi,63,FALSE,FALSE
629,61,9,Orianna,63,FALSE,FALSE
630,12,10,Alistar,63,FALSE,FALSE
631,69,1,Cassiopeia,64,FALSE,FALSE
632,3,2,Galio,64,FALSE,FALSE
633,113,3,Sejuani,64,FALSE,FALSE
634,72,4,Skarner,64,FALSE,FALSE
635,81,5,Ezreal,64,FALSE,FALSE
636,121,6,Kha'Zix,64,FALSE,FALSE
637,14,7,Sion,64,FALSE,FALSE
638,41,8,Gangplank,64,FALSE,FALSE
639,150,9,Gnar,64,FALSE,FALSE
640,420,10,Illaoi,64,FALSE,FALSE
641,69,1,Cassiopeia,65,FALSE,FALSE
642,13,2,Ryze,65,FALSE,FALSE
643,164,3,Camille,65,FALSE,FALSE
644,498,4,Xayah,65,FALSE,FALSE
645,201,5,Braum,65,FALSE,FALSE
646,110,6,Varus,65,FALSE,FALSE
647,12,7,Alistar,65,FALSE,FALSE
648,223,8,Tahm Kench,65,FALSE,FALSE
649,14,9,Sion,65,FALSE,FALSE
650,44,10,Taric,65,FALSE,FALSE
651,3,1,Galio,66,FALSE,FALSE
652,72,2,Skarner,66,FALSE,FALSE
653,121,3,Kha'Zix,66,FALSE,FALSE
654,113,4,Sejuani,66,FALSE,FALSE
655,51,5,Caitlyn,66,FALSE,FALSE
656,497,6,Rakan,66,FALSE,FALSE
657,44,7,Taric,66,FALSE,FALSE
658,98,8,Shen,66,FALSE,FALSE
659,12,9,Alistar,66,FALSE,FALSE
660,31,10,Cho'Gath,66,FALSE,FALSE
661,268,1,Azir,67,FALSE,FALSE
662,72,2,Skarner,67,FALSE,FALSE
663,110,3,Varus,67,FALSE,FALSE
664,14,4,Sion,67,FALSE,FALSE
665,13,5,Ryze,67,FALSE,FALSE
666,3,6,Galio,67,FALSE,FALSE
667,113,7,Sejuani,67,FALSE,FALSE
668,48,8,Trundle,67,FALSE,FALSE
669,421,9,Rek'Sai,67,FALSE,FALSE
670,223,10,Tahm Kench,67,FALSE,FALSE
671,69,1,Cassiopeia,68,FALSE,FALSE
672,13,2,Ryze,68,FALSE,FALSE
673,268,3,Azir,68,FALSE,FALSE
674,72,4,Skarner,68,FALSE,FALSE
675,201,5,Braum,68,FALSE,FALSE
676,121,6,Kha'Zix,68,FALSE,FALSE
677,163,7,Taliyah,68,FALSE,FALSE
678,110,8,Varus,68,FALSE,FALSE
679,42,9,Corki,68,FALSE,FALSE
680,12,10,Alistar,68,FALSE,FALSE
681,14,1,Sion,69,FALSE,FALSE
682,72,2,Skarner,69,FALSE,FALSE
683,3,3,Galio,69,FALSE,FALSE
684,13,4,Ryze,69,FALSE,FALSE
685,121,5,Kha'Zix,69,FALSE,FALSE
686,113,6,Sejuani,69,FALSE,FALSE
687,12,7,Alistar,69,FALSE,FALSE
688,24,8,Jax,69,FALSE,FALSE
689,223,9,Tahm Kench,69,FALSE,FALSE
690,154,10,Zac,69,FALSE,FALSE
691,110,1,Varus,70,FALSE,FALSE
692,3,2,Galio,70,FALSE,FALSE
693,121,3,Kha'Zix,70,FALSE,FALSE
694,72,4,Skarner,70,FALSE,FALSE
695,13,5,Ryze,70,FALSE,FALSE
696,497,6,Rakan,70,FALSE,FALSE
697,164,7,Camille,70,FALSE,FALSE
698,25,8,Morgana,70,FALSE,FALSE
699,8,9,Vladimir,70,FALSE,FALSE
700,48,10,Trundle,70,FALSE,FALSE
701,268,1,Azir,71,FALSE,FALSE
702,498,2,Xayah,71,FALSE,FALSE
703,2,3,Olaf,71,FALSE,FALSE
704,72,4,Skarner,71,FALSE,FALSE
705,121,5,Kha'Zix,71,FALSE,FALSE
706,14,6,Sion,71,FALSE,FALSE
707,25,7,Morgana,71,FALSE,FALSE
708,41,8,Gangplank,71,FALSE,FALSE
709,143,9,Zyra,71,FALSE,FALSE
710,201,10,Braum,71,FALSE,FALSE
711,2,1,Olaf,72,FALSE,FALSE
712,3,2,Galio,72,FALSE,FALSE
713,110,3,Varus,72,FALSE,FALSE
714,14,4,Sion,72,FALSE,FALSE
715,121,5,Kha'Zix,72,FALSE,FALSE
716,72,6,Skarner,72,FALSE,FALSE
717,98,7,Shen,72,FALSE,FALSE
718,164,8,Camille,72,FALSE,FALSE
719,268,9,Azir,72,FALSE,FALSE
720,43,10,Karma,72,FALSE,FALSE
721,3,1,Galio,73,FALSE,FALSE
722,121,2,Kha'Zix,73,FALSE,FALSE
723,14,3,Sion,73,FALSE,FALSE
724,154,4,Zac,73,FALSE,FALSE
725,13,5,Ryze,73,FALSE,FALSE
726,98,6,Shen,73,FALSE,FALSE
727,110,7,Varus,73,FALSE,FALSE
728,31,8,Cho'Gath,73,FALSE,FALSE
729,18,9,Tristana,73,FALSE,FALSE
730,240,10,Kled,73,FALSE,FALSE
731,14,1,Sion,74,FALSE,FALSE
732,3,2,Galio,74,FALSE,FALSE
733,268,3,Azir,74,FALSE,FALSE
734,498,4,Xayah,74,FALSE,FALSE
735,163,5,Taliyah,74,FALSE,FALSE
736,150,6,Gnar,74,FALSE,FALSE
737,96,7,Kog'Maw,74,FALSE,FALSE
738,69,8,Cassiopeia,74,FALSE,FALSE
739,51,9,Caitlyn,74,FALSE,FALSE
740,61,10,Orianna,74,FALSE,FALSE
741,121,1,Kha'Zix,75,FALSE,FALSE
742,72,2,Skarner,75,FALSE,FALSE
743,2,3,Olaf,75,FALSE,FALSE
744,13,4,Ryze,75,FALSE,FALSE
745,3,5,Galio,75,FALSE,FALSE
746,14,6,Sion,75,FALSE,FALSE
747,163,7,Taliyah,75,FALSE,FALSE
748,61,8,Orianna,75,FALSE,FALSE
749,268,9,Azir,75,FALSE,FALSE
750,164,10,Camille,75,FALSE,FALSE
751,498,1,Xayah,76,FALSE,FALSE
752,41,2,Gangplank,76,FALSE,FALSE
753,72,3,Skarner,76,FALSE,FALSE
754,223,4,Tahm Kench,76,FALSE,FALSE
755,2,5,Olaf,76,FALSE,FALSE
756,268,6,Azir,76,FALSE,FALSE
757,150,7,Gnar,76,FALSE,FALSE
758,25,8,Morgana,76,FALSE,FALSE
759,98,9,Shen,76,FALSE,FALSE
760,432,10,Bard,76,FALSE,FALSE
761,2,1,Olaf,77,FALSE,FALSE
762,72,2,Skarner,77,FALSE,FALSE
763,110,3,Varus,77,FALSE,FALSE
764,14,4,Sion,77,FALSE,FALSE
765,497,5,Rakan,77,FALSE,FALSE
766,13,6,Ryze,77,FALSE,FALSE
767,164,7,Camille,77,FALSE,FALSE
768,31,8,Cho'Gath,77,FALSE,FALSE
769,12,9,Alistar,77,FALSE,FALSE
770,516,10,Ornn,77,FALSE,FALSE
771,14,1,Sion,78,FALSE,FALSE
772,13,2,Ryze,78,FALSE,FALSE
773,2,3,Olaf,78,FALSE,FALSE
774,72,4,Skarner,78,FALSE,FALSE
775,3,5,Galio,78,FALSE,FALSE
776,268,6,Azir,78,FALSE,FALSE
777,121,7,Kha'Zix,78,FALSE,FALSE
778,41,8,Gangplank,78,FALSE,FALSE
779,154,9,Zac,78,FALSE,FALSE
780,163,10,Taliyah,78,FALSE,FALSE
781,13,1,Ryze,79,FALSE,FALSE
782,72,2,Skarner,79,FALSE,FALSE
783,3,3,Galio,79,FALSE,FALSE
784,498,4,Xayah,79,FALSE,FALSE
785,41,5,Gangplank,79,FALSE,FALSE
786,2,6,Olaf,79,FALSE,FALSE
787,150,7,Gnar,79,FALSE,FALSE
788,201,8,Braum,79,FALSE,FALSE
789,12,9,Alistar,79,FALSE,FALSE
790,223,10,Tahm Kench,79,FALSE,FALSE
791,3,1,Galio,80,FALSE,FALSE
792,498,2,Xayah,80,FALSE,FALSE
793,13,3,Ryze,80,FALSE,FALSE
794,268,4,Azir,80,FALSE,FALSE
795,2,5,Olaf,80,FALSE,FALSE
796,72,6,Skarner,80,FALSE,FALSE
797,98,7,Shen,80,FALSE,FALSE
798,41,8,Gangplank,80,FALSE,FALSE
799,223,9,Tahm Kench,80,FALSE,FALSE
800,432,10,Bard,80,FALSE,FALSE
801,41,1,Gangplank,81,FALSE,FALSE
802,13,2,Ryze,81,FALSE,FALSE
803,268,3,Azir,81,FALSE,FALSE
804,50,4,Swain,81,FALSE,FALSE
805,25,5,Morgana,81,FALSE,FALSE
806,498,6,Xayah,81,FALSE,FALSE
807,98,7,Shen,81,FALSE,FALSE
808,61,8,Orianna,81,FALSE,FALSE
809,96,9,Kog'Maw,81,FALSE,FALSE
810,7,10,LeBlanc,81,FALSE,FALSE
811,110,1,Varus,82,FALSE,FALSE
812,268,2,Azir,82,FALSE,FALSE
813,201,3,Braum,82,FALSE,FALSE
814,498,4,Xayah,82,FALSE,FALSE
815,121,5,Kha'Zix,82,FALSE,FALSE
816,2,6,Olaf,82,FALSE,FALSE
817,61,7,Orianna,82,FALSE,FALSE
818,25,8,Morgana,82,FALSE,FALSE
819,14,9,Sion,82,FALSE,FALSE
820,154,10,Zac,82,FALSE,FALSE
821,201,1,Braum,83,FALSE,FALSE
822,3,2,Galio,83,FALSE,FALSE
823,41,3,Gangplank,83,FALSE,FALSE
824,498,4,Xayah,83,FALSE,FALSE
825,61,5,Orianna,83,FALSE,FALSE
826,50,6,Swain,83,FALSE,FALSE
827,164,7,Camille,83,FALSE,FALSE
828,12,8,Alistar,83,FALSE,FALSE
829,18,9,Tristana,83,FALSE,FALSE
830,81,10,Ezreal,83,FALSE,FALSE
831,41,1,Gangplank,84,FALSE,FALSE
832,497,2,Rakan,84,FALSE,FALSE
833,110,3,Varus,84,FALSE,FALSE
834,50,4,Swain,84,FALSE,FALSE
835,121,5,Kha'Zix,84,FALSE,FALSE
836,2,6,Olaf,84,FALSE,FALSE
837,61,7,Orianna,84,FALSE,FALSE
838,164,8,Camille,84,FALSE,FALSE
839,150,9,Gnar,84,FALSE,FALSE
840,48,10,Trundle,84,FALSE,FALSE
841,56,1,Nocturne,85,FALSE,FALSE
842,2,2,Olaf,85,FALSE,FALSE
843,121,3,Kha'Zix,85,FALSE,FALSE
844,72,4,Skarner,85,FALSE,FALSE
845,96,5,Kog'Maw,85,FALSE,FALSE
846,498,6,Xayah,85,FALSE,FALSE
847,164,7,Camille,85,FALSE,FALSE
848,201,8,Braum,85,FALSE,FALSE
849,25,9,Morgana,85,FALSE,FALSE
850,134,10,Syndra,85,FALSE,FALSE
851,3,1,Galio,86,FALSE,FALSE
852,2,2,Olaf,86,FALSE,FALSE
853,516,3,Ornn,86,FALSE,FALSE
854,498,4,Xayah,86,FALSE,FALSE
855,13,5,Ryze,86,FALSE,FALSE
856,50,6,Swain,86,FALSE,FALSE
857,268,7,Azir,86,FALSE,FALSE
858,223,8,Tahm Kench,86,FALSE,FALSE
859,61,9,Orianna,86,FALSE,FALSE
860,43,10,Karma,86,FALSE,FALSE
861,41,1,Gangplank,87,FALSE,FALSE
862,50,2,Swain,87,FALSE,FALSE
863,25,3,Morgana,87,FALSE,FALSE
864,2,4,Olaf,87,FALSE,FALSE
865,110,5,Varus,87,FALSE,FALSE
866,72,6,Skarner,87,FALSE,FALSE
867,61,7,Orianna,87,FALSE,FALSE
868,164,8,Camille,87,FALSE,FALSE
869,13,9,Ryze,87,FALSE,FALSE
870,150,10,Gnar,87,FALSE,FALSE
871,121,1,Kha'Zix,88,FALSE,FALSE
872,497,2,Rakan,88,FALSE,FALSE
873,41,3,Gangplank,88,FALSE,FALSE
874,2,4,Olaf,88,FALSE,FALSE
875,223,5,Tahm Kench,88,FALSE,FALSE
876,61,6,Orianna,88,FALSE,FALSE
877,164,7,Camille,88,FALSE,FALSE
878,43,8,Karma,88,FALSE,FALSE
879,34,9,Anivia,88,FALSE,FALSE
880,31,10,Cho'Gath,88,FALSE,FALSE
881,41,1,Gangplank,89,FALSE,FALSE
882,498,2,Xayah,89,FALSE,FALSE
883,50,3,Swain,89,FALSE,FALSE
884,2,4,Olaf,89,FALSE,FALSE
885,69,5,Cassiopeia,89,FALSE,FALSE
886,163,6,Taliyah,89,FALSE,FALSE
887,18,7,Tristana,89,FALSE,FALSE
888,12,8,Alistar,89,FALSE,FALSE
889,222,9,Jinx,89,FALSE,FALSE
890,223,10,Tahm Kench,89,FALSE,FALSE
891,201,1,Braum,90,FALSE,FALSE
892,2,2,Olaf,90,FALSE,FALSE
893,41,3,Gangplank,90,FALSE,FALSE
894,72,4,Skarner,90,FALSE,FALSE
895,61,5,Orianna,90,FALSE,FALSE
896,498,6,Xayah,90,FALSE,FALSE
897,150,7,Gnar,90,FALSE,FALSE
898,13,8,Ryze,90,FALSE,FALSE
899,31,9,Cho'Gath,90,FALSE,FALSE
900,69,10,Cassiopeia,90,FALSE,FALSE
901,50,1,Swain,91,TRUE,FALSE
902,2,2,Olaf,91,TRUE,FALSE
903,41,3,Gangplank,91,TRUE,FALSE
904,498,4,Xayah,91,TRUE,FALSE
905,69,5,Cassiopeia,91,TRUE,FALSE
906,163,6,Taliyah,91,TRUE,FALSE
907,222,7,Jinx,91,TRUE,FALSE
908,154,8,Zac,91,TRUE,FALSE
909,18,9,Tristana,91,TRUE,FALSE
910,164,10,Camille,91,TRUE,FALSE
911,41,1,Gangplank,92,TRUE,FALSE
912,3,2,Galio,92,TRUE,FALSE
913,61,3,Orianna,92,TRUE,FALSE
914,516,4,Ornn,92,TRUE,FALSE
915,50,5,Swain,92,TRUE,FALSE
916,51,6,Caitlyn,92,TRUE,FALSE
917,223,7,Tahm Kench,92,TRUE,FALSE
918,2,8,Olaf,92,TRUE,FALSE
919,412,9,Thresh,92,TRUE,FALSE
920,150,10,Gnar,92,TRUE,FALSE
921,268,1,Azir,93,TRUE,FALSE
922,50,2,Swain,93,TRUE,FALSE
923,498,3,Xayah,93,TRUE,FALSE
924,13,4,Ryze,93,TRUE,FALSE
925,110,5,Varus,93,TRUE,FALSE
926,14,6,Sion,93,TRUE,FALSE
927,202,7,Jhin,93,TRUE,FALSE
928,223,8,Tahm Kench,93,TRUE,FALSE
929,96,9,Kog'Maw,93,TRUE,FALSE
930,25,10,Morgana,93,TRUE,FALSE
931,41,1,Gangplank,94,TRUE,FALSE
932,497,2,Rakan,94,TRUE,FALSE
933,81,3,Ezreal,94,TRUE,FALSE
934,50,4,Swain,94,TRUE,FALSE
935,72,5,Skarner,94,TRUE,FALSE
936,202,6,Jhin,94,TRUE,FALSE
937,516,7,Ornn,94,TRUE,FALSE
938,69,8,Cassiopeia,94,TRUE,FALSE
939,164,9,Camille,94,TRUE,FALSE
940,150,10,Gnar,94,TRUE,FALSE
941,13,1,Ryze,95,TRUE,FALSE
942,50,2,Swain,95,TRUE,FALSE
943,201,3,Braum,95,TRUE,FALSE
944,72,4,Skarner,95,TRUE,FALSE
945,2,5,Olaf,95,TRUE,FALSE
946,268,6,Azir,95,TRUE,FALSE
947,98,7,Shen,95,TRUE,FALSE
948,31,8,Cho'Gath,95,TRUE,FALSE
949,61,9,Orianna,95,TRUE,FALSE
950,150,10,Gnar,95,TRUE,FALSE
951,41,1,Gangplank,96,FALSE,TRUE
952,516,2,Ornn,96,FALSE,TRUE
953,498,3,Xayah,96,FALSE,TRUE
954,31,4,Cho'Gath,96,FALSE,TRUE
955,2,5,Olaf,96,FALSE,TRUE
956,14,6,Sion,96,FALSE,TRUE
957,201,7,Braum,96,FALSE,TRUE
958,40,8,Janna,96,FALSE,TRUE
959,25,9,Morgana,96,FALSE,TRUE
960,12,10,Alistar,96,FALSE,TRUE
961,516,1,Ornn,97,FALSE,TRUE
962,50,2,Swain,97,FALSE,TRUE
963,31,3,Cho'Gath,97,FALSE,TRUE
964,2,4,Olaf,97,FALSE,TRUE
965,14,5,Sion,97,FALSE,TRUE
966,41,6,Gangplank,97,FALSE,TRUE
967,202,7,Jhin,97,FALSE,TRUE
968,201,8,Braum,97,FALSE,TRUE
969,164,9,Camille,97,FALSE,TRUE
970,150,10,Gnar,97,FALSE,TRUE
971,41,1,Gangplank,98,FALSE,TRUE
972,516,2,Ornn,98,FALSE,TRUE
973,498,3,Xayah,98,FALSE,TRUE
974,31,4,Cho'Gath,98,FALSE,TRUE
975,2,5,Olaf,98,FALSE,TRUE
976,14,6,Sion,98,FALSE,TRUE
977,25,7,Morgana,98,FALSE,TRUE
978,12,8,Alistar,98,FALSE,TRUE
979,51,9,Caitlyn,98,FALSE,TRUE
980,110,10,Varus,98,FALSE,TRUE
981,41,1,Gangplank,99,FALSE,TRUE
982,13,2,Ryze,99,FALSE,TRUE
983,268,3,Azir,99,FALSE,TRUE
984,50,4,Swain,99,FALSE,TRUE
985,497,5,Rakan,99,FALSE,TRUE
986,72,6,Skarner,99,FALSE,TRUE
987,202,7,Jhin,99,FALSE,TRUE
988,69,8,Cassiopeia,99,FALSE,TRUE
989,96,9,Kog'Maw,99,FALSE,TRUE
990,164,10,Camille,99,FALSE,TRUE
991,14,1,Sion,100,FALSE,TRUE
992,497,2,Rakan,100,FALSE,TRUE
993,41,3,Gangplank,100,FALSE,TRUE
994,268,4,Azir,100,FALSE,TRUE
995,223,5,Tahm Kench,100,FALSE,TRUE
996,25,6,Morgana,100,FALSE,TRUE
997,69,7,Cassiopeia,100,FALSE,TRUE
998,81,8,Ezreal,100,FALSE,TRUE
999,51,9,Caitlyn,100,FALSE,TRUE
1000,164,10,Camille,100,FALSE,TRUE
1001,41,1,Gangplank,101,FALSE,TRUE
1002,13,2,Ryze,101,FALSE,TRUE
1003,497,3,Rakan,101,FALSE,TRUE
1004,50,4,Swain,101,FALSE,TRUE
1005,268,5,Azir,101,FALSE,TRUE
1006,163,6,Taliyah,101,FALSE,TRUE
1007,134,7,Syndra,101,FALSE,TRUE
1008,25,8,Morgana,101,FALSE,TRUE
1009,3,9,Galio,101,FALSE,TRUE
1010,201,10,Braum,101,FALSE,TRUE
1011,14,1,Sion,102,FALSE,TRUE
1012,497,2,Rakan,102,FALSE,TRUE
1013,41,3,Gangplank,102,FALSE,TRUE
1014,2,4,Olaf,102,FALSE,TRUE
1015,13,5,Ryze,102,FALSE,TRUE
1016,72,6,Skarner,102,FALSE,TRUE
1017,110,7,Varus,102,FALSE,TRUE
1018,163,8,Taliyah,102,FALSE,TRUE
1019,268,9,Azir,102,FALSE,TRUE
1020,34,10,Anivia,102,FALSE,TRUE
1021,498,1,Xayah,103,FALSE,TRUE
1022,50,2,Swain,103,FALSE,TRUE
1023,202,3,Jhin,103,FALSE,TRUE
1024,41,4,Gangplank,103,FALSE,TRUE
1025,25,5,Morgana,103,FALSE,TRUE
1026,40,6,Janna,103,FALSE,TRUE
1027,22,7,Ashe,103,FALSE,TRUE
1028,412,8,Thresh,103,FALSE,TRUE
1029,81,9,Ezreal,103,FALSE,TRUE
1030,223,10,Tahm Kench,103,FALSE,TRUE
1031,41,1,Gangplank,104,FALSE,TRUE
1032,498,2,Xayah,104,FALSE,TRUE
1033,48,3,Trundle,104,FALSE,TRUE
1034,202,4,Jhin,104,FALSE,TRUE
1035,2,5,Olaf,104,FALSE,TRUE
1036,25,6,Morgana,104,FALSE,TRUE
1037,98,7,Shen,104,FALSE,TRUE
1038,12,8,Alistar,104,FALSE,TRUE
1039,223,9,Tahm Kench,104,FALSE,TRUE
1040,164,10,Camille,104,FALSE,TRUE
1041,498,1,Xayah,105,FALSE,TRUE
1042,50,2,Swain,105,FALSE,TRUE
1043,202,3,Jhin,105,FALSE,TRUE
1044,41,4,Gangplank,105,FALSE,TRUE
1045,25,5,Morgana,105,FALSE,TRUE
1046,40,6,Janna,105,FALSE,TRUE
1047,12,7,Alistar,105,FALSE,TRUE
1048,412,8,Thresh,105,FALSE,TRUE
1049,98,9,Shen,105,FALSE,TRUE
1050,14,10,Sion,105,FALSE,TRUE
1051,41,1,Gangplank,106,FALSE,TRUE
1052,498,2,Xayah,106,FALSE,TRUE
1053,50,3,Swain,106,FALSE,TRUE
1054,202,4,Jhin,106,FALSE,TRUE
1055,154,5,Zac,106,FALSE,TRUE
1056,25,6,Morgana,106,FALSE,TRUE
1057,516,7,Ornn,106,FALSE,TRUE
1058,164,8,Camille,106,FALSE,TRUE
1059,201,9,Braum,106,FALSE,TRUE
1060,40,10,Janna,106,FALSE,TRUE
1061,268,1,Azir,107,FALSE,TRUE
1062,50,2,Swain,107,FALSE,TRUE
1063,412,3,Thresh,107,FALSE,TRUE
1064,13,4,Ryze,107,FALSE,TRUE
1065,41,5,Gangplank,107,FALSE,TRUE
1066,163,6,Taliyah,107,FALSE,TRUE
1067,201,7,Braum,107,FALSE,TRUE
1068,223,8,Tahm Kench,107,FALSE,TRUE
1069,12,9,Alistar,107,FALSE,TRUE
1070,516,10,Ornn,107,FALSE,TRUE
1071,163,1,Taliyah,108,FALSE,TRUE
1072,50,2,Swain,108,FALSE,TRUE
1073,41,3,Gangplank,108,FALSE,TRUE
1074,25,4,Morgana,108,FALSE,TRUE
1075,498,5,Xayah,108,FALSE,TRUE
1076,51,6,Caitlyn,108,FALSE,TRUE
1077,202,7,Jhin,108,FALSE,TRUE
1078,48,8,Trundle,108,FALSE,TRUE
1079,96,9,Kog'Maw,108,FALSE,TRUE
1080,154,10,Zac,108,FALSE,TRUE
1081,268,1,Azir,109,FALSE,TRUE
1082,163,2,Taliyah,109,FALSE,TRUE
1083,412,3,Thresh,109,FALSE,TRUE
1084,13,4,Ryze,109,FALSE,TRUE
1085,41,5,Gangplank,109,FALSE,TRUE
1086,50,6,Swain,109,FALSE,TRUE
1087,164,7,Camille,109,FALSE,TRUE
1088,25,8,Morgana,109,FALSE,TRUE
1089,223,9,Tahm Kench,109,FALSE,TRUE
1090,516,10,Ornn,109,FALSE,TRUE
1091,163,1,Taliyah,110,FALSE,TRUE
1092,50,2,Swain,110,FALSE,TRUE
1093,41,3,Gangplank,110,FALSE,TRUE
1094,268,4,Azir,110,FALSE,TRUE
1095,13,5,Ryze,110,FALSE,TRUE
1096,51,6,Caitlyn,110,FALSE,TRUE
1097,72,7,Skarner,110,FALSE,TRUE
1098,31,8,Cho'Gath,110,FALSE,TRUE
1099,48,9,Trundle,110,FALSE,TRUE
1100,516,10,Ornn,110,FALSE,TRUE
1101,268,1,Azir,111,FALSE,TRUE
1102,163,2,Taliyah,111,FALSE,TRUE
1103,41,3,Gangplank,111,FALSE,TRUE
1104,13,4,Ryze,111,FALSE,TRUE
1105,412,5,Thresh,111,FALSE,TRUE
1106,50,6,Swain,111,FALSE,TRUE
1107,31,7,Cho'Gath,111,FALSE,TRUE
1108,223,8,Tahm Kench,111,FALSE,TRUE
1109,164,9,Camille,111,FALSE,TRUE
1110,12,10,Alistar,111,FALSE,TRUE
1111,498,1,Xayah,112,FALSE,TRUE
1112,41,2,Gangplank,112,FALSE,TRUE
1113,13,3,Ryze,112,FALSE,TRUE
1114,50,4,Swain,112,FALSE,TRUE
1115,48,5,Trundle,112,FALSE,TRUE
1116,164,6,Camille,112,FALSE,TRUE
1117,31,7,Cho'Gath,112,FALSE,TRUE
1118,25,8,Morgana,112,FALSE,TRUE
1119,201,9,Braum,112,FALSE,TRUE
1120,412,10,Thresh,112,FALSE,TRUE
1121,41,1,Gangplank,113,FALSE,TRUE
1122,498,2,Xayah,113,FALSE,TRUE
1123,268,3,Azir,113,FALSE,TRUE
1124,516,4,Ornn,113,FALSE,TRUE
1125,163,5,Taliyah,113,FALSE,TRUE
1126,14,6,Sion,113,FALSE,TRUE
1127,201,7,Braum,113,FALSE,TRUE
1128,110,8,Varus,113,FALSE,TRUE
1129,25,9,Morgana,113,FALSE,TRUE
1130,202,10,Jhin,113,FALSE,TRUE
1131,498,1,Xayah,114,FALSE,TRUE
1132,41,2,Gangplank,114,FALSE,TRUE
1133,13,3,Ryze,114,FALSE,TRUE
1134,50,4,Swain,114,FALSE,TRUE
1135,48,5,Trundle,114,FALSE,TRUE
1136,2,6,Olaf,114,FALSE,TRUE
1137,22,7,Ashe,114,FALSE,TRUE
1138,163,8,Taliyah,114,FALSE,TRUE
1139,25,9,Morgana,114,FALSE,TRUE
1140,61,10,Orianna,114,FALSE,TRUE
1141,223,1,Tahm Kench,115,FALSE,TRUE
1142,50,2,Swain,115,FALSE,TRUE
1143,41,3,Gangplank,115,FALSE,TRUE
1144,48,4,Trundle,115,FALSE,TRUE
1145,69,5,Cassiopeia,115,FALSE,TRUE
1146,2,6,Olaf,115,FALSE,TRUE
1147,31,7,Cho'Gath,115,FALSE,TRUE
1148,25,8,Morgana,115,FALSE,TRUE
1149,412,9,Thresh,115,FALSE,TRUE
1150,164,10,Camille,115,FALSE,TRUE
1151,41,1,Gangplank,116,FALSE,TRUE
1152,50,2,Swain,116,FALSE,TRUE
1153,51,3,Caitlyn,116,FALSE,TRUE
1154,223,4,Tahm Kench,116,FALSE,TRUE
1155,498,5,Xayah,116,FALSE,TRUE
1156,2,6,Olaf,116,FALSE,TRUE
1157,12,7,Alistar,116,FALSE,TRUE
1158,110,8,Varus,116,FALSE,TRUE
1159,44,9,Taric,116,FALSE,TRUE
1160,31,10,Cho'Gath,116,FALSE,TRUE
1161,223,1,Tahm Kench,117,FALSE,TRUE
1162,50,2,Swain,117,FALSE,TRUE
1163,48,3,Trundle,117,FALSE,TRUE
1164,41,4,Gangplank,117,FALSE,TRUE
1165,69,5,Cassiopeia,117,FALSE,TRUE
1166,2,6,Olaf,117,FALSE,TRUE
1167,25,7,Morgana,117,FALSE,TRUE
1168,516,8,Ornn,117,FALSE,TRUE
1169,31,9,Cho'Gath,117,FALSE,TRUE
1170,14,10,Sion,117,FALSE,TRUE
