,championId,pickTurn,name,gameNumber,isTiebreaker,isPlayoff,league
1,98,1,Shen,1,FALSE,FALSE,EULCS
2,81,2,Ezreal,1,FALSE,FALSE,EULCS
3,90,3,Malzahar,1,FALSE,FALSE,EULCS
4,142,4,Zoe,1,FALSE,FALSE,EULCS
5,268,5,Azir,1,FALSE,FALSE,EULCS
6,429,6,Kalista,1,FALSE,FALSE,EULCS
7,18,7,Tristana,1,FALSE,FALSE,EULCS
8,59,8,Jarvan IV,1,FALSE,FALSE,EULCS
9,115,9,Ziggs,1,FALSE,FALSE,EULCS
10,121,10,Kha'Zix,1,FALSE,FALSE,EULCS
11,98,1,Shen,2,FALSE,FALSE,EULCS
12,12,2,Alistar,2,FALSE,FALSE,EULCS
13,113,3,Sejuani,2,FALSE,FALSE,EULCS
14,28,4,Evelynn,2,FALSE,FALSE,EULCS
15,96,5,Kog'Maw,2,FALSE,FALSE,EULCS
16,107,6,Rengar,2,FALSE,FALSE,EULCS
17,142,7,Zoe,2,FALSE,FALSE,EULCS
18,18,8,Tristana,2,FALSE,FALSE,EULCS
19,268,9,Azir,2,FALSE,FALSE,EULCS
20,110,10,Varus,2,FALSE,FALSE,EULCS
21,121,1,Kha'Zix,3,FALSE,FALSE,EULCS
22,78,2,Poppy,3,FALSE,FALSE,EULCS
23,429,2,Kalista,3,FALSE,FALSE,EULCS
24,81,4,Ezreal,3,FALSE,FALSE,EULCS
25,12,5,Alistar,3,FALSE,FALSE,EULCS
26,13,6,Ryze,3,FALSE,FALSE,EULCS
27,201,7,Braum,3,FALSE,FALSE,EULCS
28,142,9,Zoe,3,FALSE,FALSE,EULCS
29,90,10,Malzahar,3,FALSE,FALSE,EULCS
30,NA,NA,NA,3,FALSE,FALSE,EULCS
31,12,1,Alistar,4,FALSE,FALSE,EULCS
32,429,2,Kalista,4,FALSE,FALSE,EULCS
33,142,3,Zoe,4,FALSE,FALSE,EULCS
34,59,4,Jarvan IV,4,FALSE,FALSE,EULCS
35,96,5,Kog'Maw,4,FALSE,FALSE,EULCS
36,498,6,Xayah,4,FALSE,FALSE,EULCS
37,113,7,Sejuani,4,FALSE,FALSE,EULCS
38,51,8,Caitlyn,4,FALSE,FALSE,EULCS
39,8,9,Vladimir,4,FALSE,FALSE,EULCS
40,18,10,Tristana,4,FALSE,FALSE,EULCS
41,28,1,Evelynn,5,FALSE,FALSE,EULCS
42,142,2,Zoe,5,FALSE,FALSE,EULCS
43,90,3,Malzahar,5,FALSE,FALSE,EULCS
44,98,4,Shen,5,FALSE,FALSE,EULCS
45,429,5,Kalista,5,FALSE,FALSE,EULCS
46,41,6,Gangplank,5,FALSE,FALSE,EULCS
47,164,7,Camille,5,FALSE,FALSE,EULCS
48,96,8,Kog'Maw,5,FALSE,FALSE,EULCS
49,223,9,Tahm Kench,5,FALSE,FALSE,EULCS
50,201,10,Braum,5,FALSE,FALSE,EULCS
51,98,1,Shen,6,FALSE,FALSE,EULCS
52,12,2,Alistar,6,FALSE,FALSE,EULCS
53,59,3,Jarvan IV,6,FALSE,FALSE,EULCS
54,516,4,Ornn,6,FALSE,FALSE,EULCS
55,429,5,Kalista,6,FALSE,FALSE,EULCS
56,150,6,Gnar,6,FALSE,FALSE,EULCS
57,201,7,Braum,6,FALSE,FALSE,EULCS
58,81,8,Ezreal,6,FALSE,FALSE,EULCS
59,44,9,Taric,6,FALSE,FALSE,EULCS
60,110,10,Varus,6,FALSE,FALSE,EULCS
61,121,1,Kha'Zix,7,FALSE,FALSE,EULCS
62,28,2,Evelynn,7,FALSE,FALSE,EULCS
63,12,3,Alistar,7,FALSE,FALSE,EULCS
64,142,4,Zoe,7,FALSE,FALSE,EULCS
65,429,5,Kalista,7,FALSE,FALSE,EULCS
66,98,6,Shen,7,FALSE,FALSE,EULCS
67,113,7,Sejuani,7,FALSE,FALSE,EULCS
68,41,8,Gangplank,7,FALSE,FALSE,EULCS
69,59,9,Jarvan IV,7,FALSE,FALSE,EULCS
70,72,10,Skarner,7,FALSE,FALSE,EULCS
71,28,1,Evelynn,8,FALSE,FALSE,EULCS
72,268,2,Azir,8,FALSE,FALSE,EULCS
73,429,3,Kalista,8,FALSE,FALSE,EULCS
74,516,4,Ornn,8,FALSE,FALSE,EULCS
75,90,5,Malzahar,8,FALSE,FALSE,EULCS
76,223,6,Tahm Kench,8,FALSE,FALSE,EULCS
77,96,7,Kog'Maw,8,FALSE,FALSE,EULCS
78,81,8,Ezreal,8,FALSE,FALSE,EULCS
79,18,9,Tristana,8,FALSE,FALSE,EULCS
80,126,10,Jayce,8,FALSE,FALSE,EULCS
81,98,1,Shen,9,FALSE,FALSE,EULCS
82,142,2,Zoe,9,FALSE,FALSE,EULCS
83,90,3,Malzahar,9,FALSE,FALSE,EULCS
84,429,4,Kalista,9,FALSE,FALSE,EULCS
85,121,5,Kha'Zix,9,FALSE,FALSE,EULCS
86,81,6,Ezreal,9,FALSE,FALSE,EULCS
87,110,7,Varus,9,FALSE,FALSE,EULCS
88,113,8,Sejuani,9,FALSE,FALSE,EULCS
89,51,9,Caitlyn,9,FALSE,FALSE,EULCS
90,164,10,Camille,9,FALSE,FALSE,EULCS
91,98,1,Shen,10,FALSE,FALSE,EULCS
92,429,2,Kalista,10,FALSE,FALSE,EULCS
93,90,3,Malzahar,10,FALSE,FALSE,EULCS
94,498,4,Xayah,10,FALSE,FALSE,EULCS
95,142,5,Zoe,10,FALSE,FALSE,EULCS
96,59,6,Jarvan IV,10,FALSE,FALSE,EULCS
97,223,7,Tahm Kench,10,FALSE,FALSE,EULCS
98,150,8,Gnar,10,FALSE,FALSE,EULCS
99,96,9,Kog'Maw,10,FALSE,FALSE,EULCS
100,516,10,Ornn,10,FALSE,FALSE,EULCS
101,429,1,Kalista,11,FALSE,FALSE,EULCS
102,3,2,Galio,11,FALSE,FALSE,EULCS
103,96,3,Kog'Maw,11,FALSE,FALSE,EULCS
104,59,4,Jarvan IV,11,FALSE,FALSE,EULCS
105,13,5,Ryze,11,FALSE,FALSE,EULCS
106,201,6,Braum,11,FALSE,FALSE,EULCS
107,15,7,Sivir,11,FALSE,FALSE,EULCS
108,154,8,Zac,11,FALSE,FALSE,EULCS
109,18,9,Tristana,11,FALSE,FALSE,EULCS
110,121,10,Kha'Zix,11,FALSE,FALSE,EULCS
111,429,1,Kalista,12,FALSE,FALSE,EULCS
112,40,2,Janna,12,FALSE,FALSE,EULCS
113,3,3,Galio,12,FALSE,FALSE,EULCS
114,41,4,Gangplank,12,FALSE,FALSE,EULCS
115,28,5,Evelynn,12,FALSE,FALSE,EULCS
116,96,6,Kog'Maw,12,FALSE,FALSE,EULCS
117,51,7,Caitlyn,12,FALSE,FALSE,EULCS
118,154,8,Zac,12,FALSE,FALSE,EULCS
119,15,9,Sivir,12,FALSE,FALSE,EULCS
120,113,10,Sejuani,12,FALSE,FALSE,EULCS
121,13,1,Ryze,13,FALSE,FALSE,EULCS
122,429,2,Kalista,13,FALSE,FALSE,EULCS
123,15,3,Sivir,13,FALSE,FALSE,EULCS
124,498,4,Xayah,13,FALSE,FALSE,EULCS
125,81,5,Ezreal,13,FALSE,FALSE,EULCS
126,3,6,Galio,13,FALSE,FALSE,EULCS
127,516,7,Ornn,13,FALSE,FALSE,EULCS
128,126,8,Jayce,13,FALSE,FALSE,EULCS
129,121,9,Kha'Zix,13,FALSE,FALSE,EULCS
130,164,10,Camille,13,FALSE,FALSE,EULCS
131,223,1,Tahm Kench,14,FALSE,FALSE,EULCS
132,150,2,Gnar,14,FALSE,FALSE,EULCS
133,429,3,Kalista,14,FALSE,FALSE,EULCS
134,516,4,Ornn,14,FALSE,FALSE,EULCS
135,142,5,Zoe,14,FALSE,FALSE,EULCS
136,12,6,Alistar,14,FALSE,FALSE,EULCS
137,98,7,Shen,14,FALSE,FALSE,EULCS
138,126,8,Jayce,14,FALSE,FALSE,EULCS
139,31,9,Cho'Gath,14,FALSE,FALSE,EULCS
140,164,10,Camille,14,FALSE,FALSE,EULCS
141,121,1,Kha'Zix,15,FALSE,FALSE,EULCS
142,28,2,Evelynn,15,FALSE,FALSE,EULCS
143,107,3,Rengar,15,FALSE,FALSE,EULCS
144,13,4,Ryze,15,FALSE,FALSE,EULCS
145,12,5,Alistar,15,FALSE,FALSE,EULCS
146,429,6,Kalista,15,FALSE,FALSE,EULCS
147,113,7,Sejuani,15,FALSE,FALSE,EULCS
148,150,8,Gnar,15,FALSE,FALSE,EULCS
149,154,9,Zac,15,FALSE,FALSE,EULCS
150,142,10,Zoe,15,FALSE,FALSE,EULCS
151,8,1,Vladimir,16,FALSE,FALSE,EULCS
152,223,2,Tahm Kench,16,FALSE,FALSE,EULCS
153,142,3,Zoe,16,FALSE,FALSE,EULCS
154,429,4,Kalista,16,FALSE,FALSE,EULCS
155,126,5,Jayce,16,FALSE,FALSE,EULCS
156,113,6,Sejuani,16,FALSE,FALSE,EULCS
157,121,7,Kha'Zix,16,FALSE,FALSE,EULCS
158,45,8,Veigar,16,FALSE,FALSE,EULCS
159,72,9,Skarner,16,FALSE,FALSE,EULCS
160,3,10,Galio,16,FALSE,FALSE,EULCS
161,142,1,Zoe,17,FALSE,FALSE,EULCS
162,28,2,Evelynn,17,FALSE,FALSE,EULCS
163,113,3,Sejuani,17,FALSE,FALSE,EULCS
164,13,4,Ryze,17,FALSE,FALSE,EULCS
165,96,5,Kog'Maw,17,FALSE,FALSE,EULCS
166,223,6,Tahm Kench,17,FALSE,FALSE,EULCS
167,150,7,Gnar,17,FALSE,FALSE,EULCS
168,154,8,Zac,17,FALSE,FALSE,EULCS
169,121,9,Kha'Zix,17,FALSE,FALSE,EULCS
170,59,10,Jarvan IV,17,FALSE,FALSE,EULCS
171,13,1,Ryze,18,FALSE,FALSE,EULCS
172,516,2,Ornn,18,FALSE,FALSE,EULCS
173,3,3,Galio,18,FALSE,FALSE,EULCS
174,429,4,Kalista,18,FALSE,FALSE,EULCS
175,81,5,Ezreal,18,FALSE,FALSE,EULCS
176,164,6,Camille,18,FALSE,FALSE,EULCS
177,150,7,Gnar,18,FALSE,FALSE,EULCS
178,126,8,Jayce,18,FALSE,FALSE,EULCS
179,8,9,Vladimir,18,FALSE,FALSE,EULCS
180,41,10,Gangplank,18,FALSE,FALSE,EULCS
181,72,1,Skarner,19,FALSE,FALSE,EULCS
182,96,2,Kog'Maw,19,FALSE,FALSE,EULCS
183,429,3,Kalista,19,FALSE,FALSE,EULCS
184,13,4,Ryze,19,FALSE,FALSE,EULCS
185,161,5,Vel'Koz,19,FALSE,FALSE,EULCS
186,107,6,Rengar,19,FALSE,FALSE,EULCS
187,18,7,Tristana,19,FALSE,FALSE,EULCS
188,201,8,Braum,19,FALSE,FALSE,EULCS
189,150,9,Gnar,19,FALSE,FALSE,EULCS
190,40,10,Janna,19,FALSE,FALSE,EULCS
191,13,1,Ryze,20,FALSE,FALSE,EULCS
192,3,2,Galio,20,FALSE,FALSE,EULCS
193,96,3,Kog'Maw,20,FALSE,FALSE,EULCS
194,98,4,Shen,20,FALSE,FALSE,EULCS
195,429,5,Kalista,20,FALSE,FALSE,EULCS
196,8,6,Vladimir,20,FALSE,FALSE,EULCS
197,59,7,Jarvan IV,20,FALSE,FALSE,EULCS
198,516,8,Ornn,20,FALSE,FALSE,EULCS
199,154,9,Zac,20,FALSE,FALSE,EULCS
200,81,10,Ezreal,20,FALSE,FALSE,EULCS
201,164,1,Camille,21,FALSE,FALSE,EULCS
202,20,2,Nunu,21,FALSE,FALSE,EULCS
203,3,3,Galio,21,FALSE,FALSE,EULCS
204,223,4,Tahm Kench,21,FALSE,FALSE,EULCS
205,429,5,Kalista,21,FALSE,FALSE,EULCS
206,96,6,Kog'Maw,21,FALSE,FALSE,EULCS
207,110,7,Varus,21,FALSE,FALSE,EULCS
208,113,8,Sejuani,21,FALSE,FALSE,EULCS
209,498,9,Xayah,21,FALSE,FALSE,EULCS
210,121,10,Kha'Zix,21,FALSE,FALSE,EULCS
211,142,1,Zoe,22,FALSE,FALSE,EULCS
212,20,2,Nunu,22,FALSE,FALSE,EULCS
213,429,3,Kalista,22,FALSE,FALSE,EULCS
214,113,4,Sejuani,22,FALSE,FALSE,EULCS
215,13,5,Ryze,22,FALSE,FALSE,EULCS
216,96,6,Kog'Maw,22,FALSE,FALSE,EULCS
217,110,7,Varus,22,FALSE,FALSE,EULCS
218,154,8,Zac,22,FALSE,FALSE,EULCS
219,223,9,Tahm Kench,22,FALSE,FALSE,EULCS
220,24,10,Jax,22,FALSE,FALSE,EULCS
221,154,1,Zac,23,FALSE,FALSE,EULCS
222,96,2,Kog'Maw,23,FALSE,FALSE,EULCS
223,59,3,Jarvan IV,23,FALSE,FALSE,EULCS
224,51,4,Caitlyn,23,FALSE,FALSE,EULCS
225,13,5,Ryze,23,FALSE,FALSE,EULCS
226,223,6,Tahm Kench,23,FALSE,FALSE,EULCS
227,28,7,Evelynn,23,FALSE,FALSE,EULCS
228,18,8,Tristana,23,FALSE,FALSE,EULCS
229,516,9,Ornn,23,FALSE,FALSE,EULCS
230,222,10,Jinx,23,FALSE,FALSE,EULCS
231,154,1,Zac,24,FALSE,FALSE,EULCS
232,13,2,Ryze,24,FALSE,FALSE,EULCS
233,3,3,Galio,24,FALSE,FALSE,EULCS
234,429,4,Kalista,24,FALSE,FALSE,EULCS
235,51,5,Caitlyn,24,FALSE,FALSE,EULCS
236,20,6,Nunu,24,FALSE,FALSE,EULCS
237,201,7,Braum,24,FALSE,FALSE,EULCS
238,117,8,Lulu,24,FALSE,FALSE,EULCS
239,164,9,Camille,24,FALSE,FALSE,EULCS
240,26,10,Zilean,24,FALSE,FALSE,EULCS
241,51,1,Caitlyn,25,FALSE,FALSE,EULCS
242,18,2,Tristana,25,FALSE,FALSE,EULCS
243,13,3,Ryze,25,FALSE,FALSE,EULCS
244,3,4,Galio,25,FALSE,FALSE,EULCS
245,429,5,Kalista,25,FALSE,FALSE,EULCS
246,223,6,Tahm Kench,25,FALSE,FALSE,EULCS
247,59,7,Jarvan IV,25,FALSE,FALSE,EULCS
248,126,8,Jayce,25,FALSE,FALSE,EULCS
249,154,9,Zac,25,FALSE,FALSE,EULCS
250,164,10,Camille,25,FALSE,FALSE,EULCS
251,164,1,Camille,26,FALSE,FALSE,EULCS
252,223,2,Tahm Kench,26,FALSE,FALSE,EULCS
253,12,3,Alistar,26,FALSE,FALSE,EULCS
254,13,4,Ryze,26,FALSE,FALSE,EULCS
255,113,5,Sejuani,26,FALSE,FALSE,EULCS
256,429,6,Kalista,26,FALSE,FALSE,EULCS
257,8,7,Vladimir,26,FALSE,FALSE,EULCS
258,41,8,Gangplank,26,FALSE,FALSE,EULCS
259,516,9,Ornn,26,FALSE,FALSE,EULCS
260,150,10,Gnar,26,FALSE,FALSE,EULCS
261,268,1,Azir,27,FALSE,FALSE,EULCS
262,429,2,Kalista,27,FALSE,FALSE,EULCS
263,154,3,Zac,27,FALSE,FALSE,EULCS
264,13,4,Ryze,27,FALSE,FALSE,EULCS
265,59,5,Jarvan IV,27,FALSE,FALSE,EULCS
266,110,6,Varus,27,FALSE,FALSE,EULCS
267,222,7,Jinx,27,FALSE,FALSE,EULCS
268,72,8,Skarner,27,FALSE,FALSE,EULCS
269,96,9,Kog'Maw,27,FALSE,FALSE,EULCS
270,223,10,Tahm Kench,27,FALSE,FALSE,EULCS
271,223,1,Tahm Kench,28,FALSE,FALSE,EULCS
272,201,2,Braum,28,FALSE,FALSE,EULCS
273,142,3,Zoe,28,FALSE,FALSE,EULCS
274,268,4,Azir,28,FALSE,FALSE,EULCS
275,13,5,Ryze,28,FALSE,FALSE,EULCS
276,3,6,Galio,28,FALSE,FALSE,EULCS
277,412,7,Thresh,28,FALSE,FALSE,EULCS
278,516,8,Ornn,28,FALSE,FALSE,EULCS
279,40,9,Janna,28,FALSE,FALSE,EULCS
280,163,10,Taliyah,28,FALSE,FALSE,EULCS
281,429,1,Kalista,29,FALSE,FALSE,EULCS
282,3,2,Galio,29,FALSE,FALSE,EULCS
283,142,3,Zoe,29,FALSE,FALSE,EULCS
284,201,4,Braum,29,FALSE,FALSE,EULCS
285,223,5,Tahm Kench,29,FALSE,FALSE,EULCS
286,20,6,Nunu,29,FALSE,FALSE,EULCS
287,51,7,Caitlyn,29,FALSE,FALSE,EULCS
288,40,8,Janna,29,FALSE,FALSE,EULCS
289,110,9,Varus,29,FALSE,FALSE,EULCS
290,25,10,Morgana,29,FALSE,FALSE,EULCS
291,113,1,Sejuani,30,FALSE,FALSE,EULCS
292,13,2,Ryze,30,FALSE,FALSE,EULCS
293,268,3,Azir,30,FALSE,FALSE,EULCS
294,429,4,Kalista,30,FALSE,FALSE,EULCS
295,51,5,Caitlyn,30,FALSE,FALSE,EULCS
296,142,6,Zoe,30,FALSE,FALSE,EULCS
297,164,7,Camille,30,FALSE,FALSE,EULCS
298,201,8,Braum,30,FALSE,FALSE,EULCS
299,41,9,Gangplank,30,FALSE,FALSE,EULCS
300,44,10,Taric,30,FALSE,FALSE,EULCS
301,3,1,Galio,31,FALSE,FALSE,EULCS
302,163,2,Taliyah,31,FALSE,FALSE,EULCS
303,223,3,Tahm Kench,31,FALSE,FALSE,EULCS
304,13,4,Ryze,31,FALSE,FALSE,EULCS
305,268,5,Azir,31,FALSE,FALSE,EULCS
306,429,6,Kalista,31,FALSE,FALSE,EULCS
307,222,7,Jinx,31,FALSE,FALSE,EULCS
308,90,8,Malzahar,31,FALSE,FALSE,EULCS
309,498,9,Xayah,31,FALSE,FALSE,EULCS
310,7,10,LeBlanc,31,FALSE,FALSE,EULCS
311,142,1,Zoe,32,FALSE,FALSE,EULCS
312,164,2,Camille,32,FALSE,FALSE,EULCS
313,3,3,Galio,32,FALSE,FALSE,EULCS
314,429,4,Kalista,32,FALSE,FALSE,EULCS
315,51,5,Caitlyn,32,FALSE,FALSE,EULCS
316,223,6,Tahm Kench,32,FALSE,FALSE,EULCS
317,53,7,Blitzcrank,32,FALSE,FALSE,EULCS
318,412,8,Thresh,32,FALSE,FALSE,EULCS
319,498,9,Xayah,32,FALSE,FALSE,EULCS
320,40,10,Janna,32,FALSE,FALSE,EULCS
321,142,1,Zoe,33,FALSE,FALSE,EULCS
322,3,2,Galio,33,FALSE,FALSE,EULCS
323,96,3,Kog'Maw,33,FALSE,FALSE,EULCS
324,113,4,Sejuani,33,FALSE,FALSE,EULCS
325,498,5,Xayah,33,FALSE,FALSE,EULCS
326,51,6,Caitlyn,33,FALSE,FALSE,EULCS
327,201,7,Braum,33,FALSE,FALSE,EULCS
328,40,8,Janna,33,FALSE,FALSE,EULCS
329,429,9,Kalista,33,FALSE,FALSE,EULCS
330,110,10,Varus,33,FALSE,FALSE,EULCS
331,13,1,Ryze,34,FALSE,FALSE,EULCS
332,223,2,Tahm Kench,34,FALSE,FALSE,EULCS
333,201,3,Braum,34,FALSE,FALSE,EULCS
334,18,4,Tristana,34,FALSE,FALSE,EULCS
335,164,5,Camille,34,FALSE,FALSE,EULCS
336,268,6,Azir,34,FALSE,FALSE,EULCS
337,29,7,Twitch,34,FALSE,FALSE,EULCS
338,41,8,Gangplank,34,FALSE,FALSE,EULCS
339,516,9,Ornn,34,FALSE,FALSE,EULCS
340,154,10,Zac,34,FALSE,FALSE,EULCS
341,3,1,Galio,35,FALSE,FALSE,EULCS
342,429,2,Kalista,35,FALSE,FALSE,EULCS
343,164,3,Camille,35,FALSE,FALSE,EULCS
344,59,4,Jarvan IV,35,FALSE,FALSE,EULCS
345,268,5,Azir,35,FALSE,FALSE,EULCS
346,13,6,Ryze,35,FALSE,FALSE,EULCS
347,498,7,Xayah,35,FALSE,FALSE,EULCS
348,201,8,Braum,35,FALSE,FALSE,EULCS
349,96,9,Kog'Maw,35,FALSE,FALSE,EULCS
350,29,10,Twitch,35,FALSE,FALSE,EULCS
351,59,1,Jarvan IV,36,FALSE,FALSE,EULCS
352,164,2,Camille,36,FALSE,FALSE,EULCS
353,429,3,Kalista,36,FALSE,FALSE,EULCS
354,223,4,Tahm Kench,36,FALSE,FALSE,EULCS
355,13,5,Ryze,36,FALSE,FALSE,EULCS
356,154,6,Zac,36,FALSE,FALSE,EULCS
357,150,7,Gnar,36,FALSE,FALSE,EULCS
358,222,8,Jinx,36,FALSE,FALSE,EULCS
359,516,9,Ornn,36,FALSE,FALSE,EULCS
360,44,10,Taric,36,FALSE,FALSE,EULCS
361,59,1,Jarvan IV,37,FALSE,FALSE,EULCS
362,223,2,Tahm Kench,37,FALSE,FALSE,EULCS
363,429,3,Kalista,37,FALSE,FALSE,EULCS
364,268,4,Azir,37,FALSE,FALSE,EULCS
365,13,5,Ryze,37,FALSE,FALSE,EULCS
366,3,6,Galio,37,FALSE,FALSE,EULCS
367,40,7,Janna,37,FALSE,FALSE,EULCS
368,90,8,Malzahar,37,FALSE,FALSE,EULCS
369,44,9,Taric,37,FALSE,FALSE,EULCS
370,163,10,Taliyah,37,FALSE,FALSE,EULCS
371,142,1,Zoe,38,FALSE,FALSE,EULCS
372,3,2,Galio,38,FALSE,FALSE,EULCS
373,41,3,Gangplank,38,FALSE,FALSE,EULCS
374,113,4,Sejuani,38,FALSE,FALSE,EULCS
375,96,5,Kog'Maw,38,FALSE,FALSE,EULCS
376,223,6,Tahm Kench,38,FALSE,FALSE,EULCS
377,201,7,Braum,38,FALSE,FALSE,EULCS
378,429,8,Kalista,38,FALSE,FALSE,EULCS
379,81,9,Ezreal,38,FALSE,FALSE,EULCS
380,498,10,Xayah,38,FALSE,FALSE,EULCS
381,164,1,Camille,39,FALSE,FALSE,EULCS
382,3,2,Galio,39,FALSE,FALSE,EULCS
383,223,3,Tahm Kench,39,FALSE,FALSE,EULCS
384,498,4,Xayah,39,FALSE,FALSE,EULCS
385,41,5,Gangplank,39,FALSE,FALSE,EULCS
386,8,6,Vladimir,39,FALSE,FALSE,EULCS
387,142,7,Zoe,39,FALSE,FALSE,EULCS
388,51,8,Caitlyn,39,FALSE,FALSE,EULCS
389,13,9,Ryze,39,FALSE,FALSE,EULCS
390,412,10,Thresh,39,FALSE,FALSE,EULCS
391,3,1,Galio,40,FALSE,FALSE,EULCS
392,13,2,Ryze,40,FALSE,FALSE,EULCS
393,497,3,Rakan,40,FALSE,FALSE,EULCS
394,223,4,Tahm Kench,40,FALSE,FALSE,EULCS
395,150,5,Gnar,40,FALSE,FALSE,EULCS
396,164,6,Camille,40,FALSE,FALSE,EULCS
397,201,7,Braum,40,FALSE,FALSE,EULCS
398,429,8,Kalista,40,FALSE,FALSE,EULCS
399,44,9,Taric,40,FALSE,FALSE,EULCS
400,110,10,Varus,40,FALSE,FALSE,EULCS
401,51,1,Caitlyn,41,FALSE,FALSE,EULCS
402,3,2,Galio,41,FALSE,FALSE,EULCS
403,113,3,Sejuani,41,FALSE,FALSE,EULCS
404,429,4,Kalista,41,FALSE,FALSE,EULCS
405,18,5,Tristana,41,FALSE,FALSE,EULCS
406,268,6,Azir,41,FALSE,FALSE,EULCS
407,115,7,Ziggs,41,FALSE,FALSE,EULCS
408,497,8,Rakan,41,FALSE,FALSE,EULCS
409,412,9,Thresh,41,FALSE,FALSE,EULCS
410,69,10,Cassiopeia,41,FALSE,FALSE,EULCS
411,142,1,Zoe,42,FALSE,FALSE,EULCS
412,429,2,Kalista,42,FALSE,FALSE,EULCS
413,163,3,Taliyah,42,FALSE,FALSE,EULCS
414,223,4,Tahm Kench,42,FALSE,FALSE,EULCS
415,3,5,Galio,42,FALSE,FALSE,EULCS
416,268,6,Azir,42,FALSE,FALSE,EULCS
417,18,7,Tristana,42,FALSE,FALSE,EULCS
418,24,8,Jax,42,FALSE,FALSE,EULCS
419,12,9,Alistar,42,FALSE,FALSE,EULCS
420,114,10,Fiora,42,FALSE,FALSE,EULCS
421,113,1,Sejuani,43,FALSE,FALSE,EULCS
422,41,2,Gangplank,43,FALSE,FALSE,EULCS
423,164,3,Camille,43,FALSE,FALSE,EULCS
424,223,4,Tahm Kench,43,FALSE,FALSE,EULCS
425,8,5,Vladimir,43,FALSE,FALSE,EULCS
426,429,6,Kalista,43,FALSE,FALSE,EULCS
427,516,7,Ornn,43,FALSE,FALSE,EULCS
428,42,8,Corki,43,FALSE,FALSE,EULCS
429,126,9,Jayce,43,FALSE,FALSE,EULCS
430,13,10,Ryze,43,FALSE,FALSE,EULCS
431,13,1,Ryze,44,FALSE,FALSE,EULCS
432,223,2,Tahm Kench,44,FALSE,FALSE,EULCS
433,59,3,Jarvan IV,44,FALSE,FALSE,EULCS
434,201,4,Braum,44,FALSE,FALSE,EULCS
435,164,5,Camille,44,FALSE,FALSE,EULCS
436,110,6,Varus,44,FALSE,FALSE,EULCS
437,90,7,Malzahar,44,FALSE,FALSE,EULCS
438,412,8,Thresh,44,FALSE,FALSE,EULCS
439,7,9,LeBlanc,44,FALSE,FALSE,EULCS
440,44,10,Taric,44,FALSE,FALSE,EULCS
441,59,1,Jarvan IV,45,FALSE,FALSE,EULCS
442,164,2,Camille,45,FALSE,FALSE,EULCS
443,498,3,Xayah,45,FALSE,FALSE,EULCS
444,142,4,Zoe,45,FALSE,FALSE,EULCS
445,15,5,Sivir,45,FALSE,FALSE,EULCS
446,223,6,Tahm Kench,45,FALSE,FALSE,EULCS
447,13,7,Ryze,45,FALSE,FALSE,EULCS
448,29,8,Twitch,45,FALSE,FALSE,EULCS
449,268,9,Azir,45,FALSE,FALSE,EULCS
450,110,10,Varus,45,FALSE,FALSE,EULCS
451,164,1,Camille,46,FALSE,FALSE,EULCS
452,13,2,Ryze,46,FALSE,FALSE,EULCS
453,223,3,Tahm Kench,46,FALSE,FALSE,EULCS
454,268,4,Azir,46,FALSE,FALSE,EULCS
455,497,5,Rakan,46,FALSE,FALSE,EULCS
456,163,6,Taliyah,46,FALSE,FALSE,EULCS
457,51,7,Caitlyn,46,FALSE,FALSE,EULCS
458,3,8,Galio,46,FALSE,FALSE,EULCS
459,429,9,Kalista,46,FALSE,FALSE,EULCS
460,12,10,Alistar,46,FALSE,FALSE,EULCS
461,154,1,Zac,47,FALSE,FALSE,EULCS
462,429,2,Kalista,47,FALSE,FALSE,EULCS
463,498,3,Xayah,47,FALSE,FALSE,EULCS
464,223,4,Tahm Kench,47,FALSE,FALSE,EULCS
465,412,5,Thresh,47,FALSE,FALSE,EULCS
466,164,6,Camille,47,FALSE,FALSE,EULCS
467,51,7,Caitlyn,47,FALSE,FALSE,EULCS
468,150,8,Gnar,47,FALSE,FALSE,EULCS
469,110,9,Varus,47,FALSE,FALSE,EULCS
470,8,10,Vladimir,47,FALSE,FALSE,EULCS
471,150,1,Gnar,48,FALSE,FALSE,EULCS
472,142,2,Zoe,48,FALSE,FALSE,EULCS
473,164,3,Camille,48,FALSE,FALSE,EULCS
474,41,4,Gangplank,48,FALSE,FALSE,EULCS
475,13,5,Ryze,48,FALSE,FALSE,EULCS
476,51,6,Caitlyn,48,FALSE,FALSE,EULCS
477,110,7,Varus,48,FALSE,FALSE,EULCS
478,3,8,Galio,48,FALSE,FALSE,EULCS
479,429,9,Kalista,48,FALSE,FALSE,EULCS
480,38,10,Kassadin,48,FALSE,FALSE,EULCS
481,113,1,Sejuani,49,FALSE,FALSE,EULCS
482,3,2,Galio,49,FALSE,FALSE,EULCS
483,164,3,Camille,49,FALSE,FALSE,EULCS
484,429,4,Kalista,49,FALSE,FALSE,EULCS
485,223,5,Tahm Kench,49,FALSE,FALSE,EULCS
486,41,6,Gangplank,49,FALSE,FALSE,EULCS
487,81,7,Ezreal,49,FALSE,FALSE,EULCS
488,112,8,Viktor,49,FALSE,FALSE,EULCS
489,201,9,Braum,49,FALSE,FALSE,EULCS
490,12,10,Alistar,49,FALSE,FALSE,EULCS
491,26,1,Zilean,50,FALSE,FALSE,EULCS
492,18,2,Tristana,50,FALSE,FALSE,EULCS
493,164,3,Camille,50,FALSE,FALSE,EULCS
494,41,4,Gangplank,50,FALSE,FALSE,EULCS
495,154,5,Zac,50,FALSE,FALSE,EULCS
496,498,6,Xayah,50,FALSE,FALSE,EULCS
497,29,7,Twitch,50,FALSE,FALSE,EULCS
498,223,8,Tahm Kench,50,FALSE,FALSE,EULCS
499,15,9,Sivir,50,FALSE,FALSE,EULCS
500,25,10,Morgana,50,FALSE,FALSE,EULCS
501,498,1,Xayah,51,FALSE,FALSE,EULCS
502,72,2,Skarner,51,FALSE,FALSE,EULCS
503,8,3,Vladimir,51,FALSE,FALSE,EULCS
504,164,4,Camille,51,FALSE,FALSE,EULCS
505,142,5,Zoe,51,FALSE,FALSE,EULCS
506,51,6,Caitlyn,51,FALSE,FALSE,EULCS
507,223,7,Tahm Kench,51,FALSE,FALSE,EULCS
508,516,8,Ornn,51,FALSE,FALSE,EULCS
509,110,9,Varus,51,FALSE,FALSE,EULCS
510,24,10,Jax,51,FALSE,FALSE,EULCS
511,142,1,Zoe,52,FALSE,FALSE,EULCS
512,41,2,Gangplank,52,FALSE,FALSE,EULCS
513,429,3,Kalista,52,FALSE,FALSE,EULCS
514,72,4,Skarner,52,FALSE,FALSE,EULCS
515,3,5,Galio,52,FALSE,FALSE,EULCS
516,201,6,Braum,52,FALSE,FALSE,EULCS
517,113,7,Sejuani,52,FALSE,FALSE,EULCS
518,222,8,Jinx,52,FALSE,FALSE,EULCS
519,40,9,Janna,52,FALSE,FALSE,EULCS
520,13,10,Ryze,52,FALSE,FALSE,EULCS
521,164,1,Camille,53,FALSE,FALSE,EULCS
522,18,2,Tristana,53,FALSE,FALSE,EULCS
523,142,3,Zoe,53,FALSE,FALSE,EULCS
524,41,4,Gangplank,53,FALSE,FALSE,EULCS
525,3,5,Galio,53,FALSE,FALSE,EULCS
526,223,6,Tahm Kench,53,FALSE,FALSE,EULCS
527,42,7,Corki,53,FALSE,FALSE,EULCS
528,201,8,Braum,53,FALSE,FALSE,EULCS
529,516,9,Ornn,53,FALSE,FALSE,EULCS
530,12,10,Alistar,53,FALSE,FALSE,EULCS
531,3,1,Galio,54,FALSE,FALSE,EULCS
532,142,2,Zoe,54,FALSE,FALSE,EULCS
533,113,3,Sejuani,54,FALSE,FALSE,EULCS
534,13,4,Ryze,54,FALSE,FALSE,EULCS
535,72,5,Skarner,54,FALSE,FALSE,EULCS
536,164,6,Camille,54,FALSE,FALSE,EULCS
537,150,7,Gnar,54,FALSE,FALSE,EULCS
538,201,8,Braum,54,FALSE,FALSE,EULCS
539,236,9,Lucian,54,FALSE,FALSE,EULCS
540,223,10,Tahm Kench,54,FALSE,FALSE,EULCS
541,429,1,Kalista,55,FALSE,FALSE,EULCS
542,142,2,Zoe,55,FALSE,FALSE,EULCS
543,498,3,Xayah,55,FALSE,FALSE,EULCS
544,3,4,Galio,55,FALSE,FALSE,EULCS
545,41,5,Gangplank,55,FALSE,FALSE,EULCS
546,72,6,Skarner,55,FALSE,FALSE,EULCS
547,516,7,Ornn,55,FALSE,FALSE,EULCS
548,201,8,Braum,55,FALSE,FALSE,EULCS
549,31,9,Cho'Gath,55,FALSE,FALSE,EULCS
550,164,10,Camille,55,FALSE,FALSE,EULCS
551,164,1,Camille,56,FALSE,FALSE,EULCS
552,142,2,Zoe,56,FALSE,FALSE,EULCS
553,51,3,Caitlyn,56,FALSE,FALSE,EULCS
554,72,4,Skarner,56,FALSE,FALSE,EULCS
555,41,5,Gangplank,56,FALSE,FALSE,EULCS
556,13,6,Ryze,56,FALSE,FALSE,EULCS
557,59,7,Jarvan IV,56,FALSE,FALSE,EULCS
558,81,8,Ezreal,56,FALSE,FALSE,EULCS
559,154,9,Zac,56,FALSE,FALSE,EULCS
560,201,10,Braum,56,FALSE,FALSE,EULCS
561,223,1,Tahm Kench,57,FALSE,FALSE,EULCS
562,163,2,Taliyah,57,FALSE,FALSE,EULCS
563,18,3,Tristana,57,FALSE,FALSE,EULCS
564,72,4,Skarner,57,FALSE,FALSE,EULCS
565,13,5,Ryze,57,FALSE,FALSE,EULCS
566,142,6,Zoe,57,FALSE,FALSE,EULCS
567,51,7,Caitlyn,57,FALSE,FALSE,EULCS
568,412,8,Thresh,57,FALSE,FALSE,EULCS
569,12,9,Alistar,57,FALSE,FALSE,EULCS
570,38,10,Kassadin,57,FALSE,FALSE,EULCS
571,142,1,Zoe,58,FALSE,FALSE,EULCS
572,72,2,Skarner,58,FALSE,FALSE,EULCS
573,222,3,Jinx,58,FALSE,FALSE,EULCS
574,51,4,Caitlyn,58,FALSE,FALSE,EULCS
575,429,5,Kalista,58,FALSE,FALSE,EULCS
576,113,6,Sejuani,58,FALSE,FALSE,EULCS
577,497,7,Rakan,58,FALSE,FALSE,EULCS
578,12,8,Alistar,58,FALSE,FALSE,EULCS
579,40,9,Janna,58,FALSE,FALSE,EULCS
580,268,10,Azir,58,FALSE,FALSE,EULCS
581,59,1,Jarvan IV,59,FALSE,FALSE,EULCS
582,142,2,Zoe,59,FALSE,FALSE,EULCS
583,498,3,Xayah,59,FALSE,FALSE,EULCS
584,164,4,Camille,59,FALSE,FALSE,EULCS
585,18,5,Tristana,59,FALSE,FALSE,EULCS
586,154,6,Zac,59,FALSE,FALSE,EULCS
587,223,7,Tahm Kench,59,FALSE,FALSE,EULCS
588,81,8,Ezreal,59,FALSE,FALSE,EULCS
589,44,9,Taric,59,FALSE,FALSE,EULCS
590,268,10,Azir,59,FALSE,FALSE,EULCS
591,13,1,Ryze,60,FALSE,FALSE,EULCS
592,18,2,Tristana,60,FALSE,FALSE,EULCS
593,72,3,Skarner,60,FALSE,FALSE,EULCS
594,3,4,Galio,60,FALSE,FALSE,EULCS
595,41,5,Gangplank,60,FALSE,FALSE,EULCS
596,113,6,Sejuani,60,FALSE,FALSE,EULCS
597,201,7,Braum,60,FALSE,FALSE,EULCS
598,24,8,Jax,60,FALSE,FALSE,EULCS
599,12,9,Alistar,60,FALSE,FALSE,EULCS
600,114,10,Fiora,60,FALSE,FALSE,EULCS
601,113,1,Sejuani,61,FALSE,FALSE,EULCS
602,164,2,Camille,61,FALSE,FALSE,EULCS
603,3,3,Galio,61,FALSE,FALSE,EULCS
604,13,4,Ryze,61,FALSE,FALSE,EULCS
605,41,5,Gangplank,61,FALSE,FALSE,EULCS
606,72,6,Skarner,61,FALSE,FALSE,EULCS
607,44,7,Taric,61,FALSE,FALSE,EULCS
608,40,8,Janna,61,FALSE,FALSE,EULCS
609,31,9,Cho'Gath,61,FALSE,FALSE,EULCS
610,63,10,Brand,61,FALSE,FALSE,EULCS
611,164,1,Camille,62,FALSE,FALSE,EULCS
612,13,2,Ryze,62,FALSE,FALSE,EULCS
613,51,3,Caitlyn,62,FALSE,FALSE,EULCS
614,72,4,Skarner,62,FALSE,FALSE,EULCS
615,114,5,Fiora,62,FALSE,FALSE,EULCS
616,3,6,Galio,62,FALSE,FALSE,EULCS
617,12,7,Alistar,62,FALSE,FALSE,EULCS
618,40,8,Janna,62,FALSE,FALSE,EULCS
619,44,9,Taric,62,FALSE,FALSE,EULCS
620,26,10,Zilean,62,FALSE,FALSE,EULCS
621,48,1,Trundle,63,FALSE,FALSE,EULCS
622,72,2,Skarner,63,FALSE,FALSE,EULCS
623,121,3,Kha'Zix,63,FALSE,FALSE,EULCS
624,164,4,Camille,63,FALSE,FALSE,EULCS
625,69,5,Cassiopeia,63,FALSE,FALSE,EULCS
626,13,6,Ryze,63,FALSE,FALSE,EULCS
627,98,7,Shen,63,FALSE,FALSE,EULCS
628,18,8,Tristana,63,FALSE,FALSE,EULCS
629,154,9,Zac,63,FALSE,FALSE,EULCS
630,81,10,Ezreal,63,FALSE,FALSE,EULCS
631,154,1,Zac,64,FALSE,FALSE,EULCS
632,13,2,Ryze,64,FALSE,FALSE,EULCS
633,59,3,Jarvan IV,64,FALSE,FALSE,EULCS
634,3,4,Galio,64,FALSE,FALSE,EULCS
635,121,5,Kha'Zix,64,FALSE,FALSE,EULCS
636,164,6,Camille,64,FALSE,FALSE,EULCS
637,31,7,Cho'Gath,64,FALSE,FALSE,EULCS
638,110,8,Varus,64,FALSE,FALSE,EULCS
639,48,9,Trundle,64,FALSE,FALSE,EULCS
640,222,10,Jinx,64,FALSE,FALSE,EULCS
641,18,1,Tristana,65,FALSE,FALSE,EULCS
642,164,2,Camille,65,FALSE,FALSE,EULCS
643,268,3,Azir,65,FALSE,FALSE,EULCS
644,13,4,Ryze,65,FALSE,FALSE,EULCS
645,3,5,Galio,65,FALSE,FALSE,EULCS
646,72,6,Skarner,65,FALSE,FALSE,EULCS
647,154,7,Zac,65,FALSE,FALSE,EULCS
648,38,8,Kassadin,65,FALSE,FALSE,EULCS
649,48,9,Trundle,65,FALSE,FALSE,EULCS
650,163,10,Taliyah,65,FALSE,FALSE,EULCS
651,113,1,Sejuani,66,FALSE,FALSE,EULCS
652,121,2,Kha'Zix,66,FALSE,FALSE,EULCS
653,3,3,Galio,66,FALSE,FALSE,EULCS
654,72,4,Skarner,66,FALSE,FALSE,EULCS
655,427,5,Ivern,66,FALSE,FALSE,EULCS
656,201,6,Braum,66,FALSE,FALSE,EULCS
657,24,7,Jax,66,FALSE,FALSE,EULCS
658,497,8,Rakan,66,FALSE,FALSE,EULCS
659,59,9,Jarvan IV,66,FALSE,FALSE,EULCS
660,40,10,Janna,66,FALSE,FALSE,EULCS
661,164,1,Camille,67,FALSE,FALSE,EULCS
662,72,2,Skarner,67,FALSE,FALSE,EULCS
663,69,3,Cassiopeia,67,FALSE,FALSE,EULCS
664,13,4,Ryze,67,FALSE,FALSE,EULCS
665,51,5,Caitlyn,67,FALSE,FALSE,EULCS
666,498,6,Xayah,67,FALSE,FALSE,EULCS
667,31,7,Cho'Gath,67,FALSE,FALSE,EULCS
668,121,8,Kha'Zix,67,FALSE,FALSE,EULCS
669,516,9,Ornn,67,FALSE,FALSE,EULCS
670,59,10,Jarvan IV,67,FALSE,FALSE,EULCS
671,98,1,Shen,68,FALSE,FALSE,EULCS
672,72,2,Skarner,68,FALSE,FALSE,EULCS
673,3,3,Galio,68,FALSE,FALSE,EULCS
674,498,4,Xayah,68,FALSE,FALSE,EULCS
675,69,5,Cassiopeia,68,FALSE,FALSE,EULCS
676,26,6,Zilean,68,FALSE,FALSE,EULCS
677,48,7,Trundle,68,FALSE,FALSE,EULCS
678,59,8,Jarvan IV,68,FALSE,FALSE,EULCS
679,223,9,Tahm Kench,68,FALSE,FALSE,EULCS
680,154,10,Zac,68,FALSE,FALSE,EULCS
681,164,1,Camille,69,FALSE,FALSE,EULCS
682,13,2,Ryze,69,FALSE,FALSE,EULCS
683,223,3,Tahm Kench,69,FALSE,FALSE,EULCS
684,3,4,Galio,69,FALSE,FALSE,EULCS
685,113,5,Sejuani,69,FALSE,FALSE,EULCS
686,72,6,Skarner,69,FALSE,FALSE,EULCS
687,31,7,Cho'Gath,69,FALSE,FALSE,EULCS
688,44,8,Taric,69,FALSE,FALSE,EULCS
689,98,9,Shen,69,FALSE,FALSE,EULCS
690,12,10,Alistar,69,FALSE,FALSE,EULCS
691,498,1,Xayah,70,FALSE,FALSE,EULCS
692,13,2,Ryze,70,FALSE,FALSE,EULCS
693,268,3,Azir,70,FALSE,FALSE,EULCS
694,164,4,Camille,70,FALSE,FALSE,EULCS
695,113,5,Sejuani,70,FALSE,FALSE,EULCS
696,110,6,Varus,70,FALSE,FALSE,EULCS
697,69,7,Cassiopeia,70,FALSE,FALSE,EULCS
698,412,8,Thresh,70,FALSE,FALSE,EULCS
699,42,9,Corki,70,FALSE,FALSE,EULCS
700,44,10,Taric,70,FALSE,FALSE,EULCS
701,164,1,Camille,71,FALSE,FALSE,EULCS
702,13,2,Ryze,71,FALSE,FALSE,EULCS
703,51,3,Caitlyn,71,FALSE,FALSE,EULCS
704,498,4,Xayah,71,FALSE,FALSE,EULCS
705,3,5,Galio,71,FALSE,FALSE,EULCS
706,18,6,Tristana,71,FALSE,FALSE,EULCS
707,72,7,Skarner,71,FALSE,FALSE,EULCS
708,110,8,Varus,71,FALSE,FALSE,EULCS
709,2,9,Olaf,71,FALSE,FALSE,EULCS
710,96,10,Kog'Maw,71,FALSE,FALSE,EULCS
711,121,1,Kha'Zix,72,FALSE,FALSE,EULCS
712,72,2,Skarner,72,FALSE,FALSE,EULCS
713,14,3,Sion,72,FALSE,FALSE,EULCS
714,13,4,Ryze,72,FALSE,FALSE,EULCS
715,164,5,Camille,72,FALSE,FALSE,EULCS
716,2,6,Olaf,72,FALSE,FALSE,EULCS
717,3,7,Galio,72,FALSE,FALSE,EULCS
718,223,8,Tahm Kench,72,FALSE,FALSE,EULCS
719,45,9,Veigar,72,FALSE,FALSE,EULCS
720,201,10,Braum,72,FALSE,FALSE,EULCS
721,69,1,Cassiopeia,73,FALSE,FALSE,EULCS
722,34,2,Anivia,73,FALSE,FALSE,EULCS
723,164,3,Camille,73,FALSE,FALSE,EULCS
724,98,4,Shen,73,FALSE,FALSE,EULCS
725,18,5,Tristana,73,FALSE,FALSE,EULCS
726,498,6,Xayah,73,FALSE,FALSE,EULCS
727,497,7,Rakan,73,FALSE,FALSE,EULCS
728,48,8,Trundle,73,FALSE,FALSE,EULCS
729,12,9,Alistar,73,FALSE,FALSE,EULCS
730,14,10,Sion,73,FALSE,FALSE,EULCS
731,164,1,Camille,74,FALSE,FALSE,EULCS
732,13,2,Ryze,74,FALSE,FALSE,EULCS
733,14,3,Sion,74,FALSE,FALSE,EULCS
734,18,4,Tristana,74,FALSE,FALSE,EULCS
735,3,5,Galio,74,FALSE,FALSE,EULCS
736,154,6,Zac,74,FALSE,FALSE,EULCS
737,45,7,Veigar,74,FALSE,FALSE,EULCS
738,121,8,Kha'Zix,74,FALSE,FALSE,EULCS
739,42,9,Corki,74,FALSE,FALSE,EULCS
740,113,10,Sejuani,74,FALSE,FALSE,EULCS
741,164,1,Camille,75,FALSE,FALSE,EULCS
742,13,2,Ryze,75,FALSE,FALSE,EULCS
743,14,3,Sion,75,FALSE,FALSE,EULCS
744,18,4,Tristana,75,FALSE,FALSE,EULCS
745,2,5,Olaf,75,FALSE,FALSE,EULCS
746,72,6,Skarner,75,FALSE,FALSE,EULCS
747,223,7,Tahm Kench,75,FALSE,FALSE,EULCS
748,497,8,Rakan,75,FALSE,FALSE,EULCS
749,12,9,Alistar,75,FALSE,FALSE,EULCS
750,201,10,Braum,75,FALSE,FALSE,EULCS
751,34,1,Anivia,76,FALSE,FALSE,EULCS
752,2,2,Olaf,76,FALSE,FALSE,EULCS
753,164,3,Camille,76,FALSE,FALSE,EULCS
754,72,4,Skarner,76,FALSE,FALSE,EULCS
755,498,5,Xayah,76,FALSE,FALSE,EULCS
756,3,6,Galio,76,FALSE,FALSE,EULCS
757,31,7,Cho'Gath,76,FALSE,FALSE,EULCS
758,69,8,Cassiopeia,76,FALSE,FALSE,EULCS
759,40,9,Janna,76,FALSE,FALSE,EULCS
760,223,10,Tahm Kench,76,FALSE,FALSE,EULCS
761,164,1,Camille,77,FALSE,FALSE,EULCS
762,34,2,Anivia,77,FALSE,FALSE,EULCS
763,154,3,Zac,77,FALSE,FALSE,EULCS
764,96,4,Kog'Maw,77,FALSE,FALSE,EULCS
765,3,5,Galio,77,FALSE,FALSE,EULCS
766,13,6,Ryze,77,FALSE,FALSE,EULCS
767,12,7,Alistar,77,FALSE,FALSE,EULCS
768,40,8,Janna,77,FALSE,FALSE,EULCS
769,42,9,Corki,77,FALSE,FALSE,EULCS
770,26,10,Zilean,77,FALSE,FALSE,EULCS
771,69,1,Cassiopeia,78,FALSE,FALSE,EULCS
772,13,2,Ryze,78,FALSE,FALSE,EULCS
773,223,3,Tahm Kench,78,FALSE,FALSE,EULCS
774,498,4,Xayah,78,FALSE,FALSE,EULCS
775,14,5,Sion,78,FALSE,FALSE,EULCS
776,3,6,Galio,78,FALSE,FALSE,EULCS
777,98,7,Shen,78,FALSE,FALSE,EULCS
778,42,8,Corki,78,FALSE,FALSE,EULCS
779,31,9,Cho'Gath,78,FALSE,FALSE,EULCS
780,412,10,Thresh,78,FALSE,FALSE,EULCS
781,268,1,Azir,79,FALSE,FALSE,EULCS
782,3,2,Galio,79,FALSE,FALSE,EULCS
783,2,3,Olaf,79,FALSE,FALSE,EULCS
784,72,4,Skarner,79,FALSE,FALSE,EULCS
785,13,5,Ryze,79,FALSE,FALSE,EULCS
786,498,6,Xayah,79,FALSE,FALSE,EULCS
787,201,7,Braum,79,FALSE,FALSE,EULCS
788,31,8,Cho'Gath,79,FALSE,FALSE,EULCS
789,44,9,Taric,79,FALSE,FALSE,EULCS
790,164,10,Camille,79,FALSE,FALSE,EULCS
791,223,1,Tahm Kench,80,FALSE,FALSE,EULCS
792,13,2,Ryze,80,FALSE,FALSE,EULCS
793,154,3,Zac,80,FALSE,FALSE,EULCS
794,3,4,Galio,80,FALSE,FALSE,EULCS
795,2,5,Olaf,80,FALSE,FALSE,EULCS
796,72,6,Skarner,80,FALSE,FALSE,EULCS
797,48,7,Trundle,80,FALSE,FALSE,EULCS
798,164,8,Camille,80,FALSE,FALSE,EULCS
799,98,9,Shen,80,FALSE,FALSE,EULCS
800,14,10,Sion,80,FALSE,FALSE,EULCS
801,50,1,Swain,81,FALSE,FALSE,EULCS
802,268,2,Azir,81,FALSE,FALSE,EULCS
803,223,3,Tahm Kench,81,FALSE,FALSE,EULCS
804,18,4,Tristana,81,FALSE,FALSE,EULCS
805,113,5,Sejuani,81,FALSE,FALSE,EULCS
806,13,6,Ryze,81,FALSE,FALSE,EULCS
807,42,7,Corki,81,FALSE,FALSE,EULCS
808,3,8,Galio,81,FALSE,FALSE,EULCS
809,69,9,Cassiopeia,81,FALSE,FALSE,EULCS
810,14,10,Sion,81,FALSE,FALSE,EULCS
811,51,1,Caitlyn,82,FALSE,FALSE,EULCS
812,3,2,Galio,82,FALSE,FALSE,EULCS
813,14,3,Sion,82,FALSE,FALSE,EULCS
814,13,4,Ryze,82,FALSE,FALSE,EULCS
815,2,5,Olaf,82,FALSE,FALSE,EULCS
816,72,6,Skarner,82,FALSE,FALSE,EULCS
817,41,7,Gangplank,82,FALSE,FALSE,EULCS
818,96,8,Kog'Maw,82,FALSE,FALSE,EULCS
819,69,9,Cassiopeia,82,FALSE,FALSE,EULCS
820,110,10,Varus,82,FALSE,FALSE,EULCS
821,154,1,Zac,83,FALSE,FALSE,EULCS
822,13,2,Ryze,83,FALSE,FALSE,EULCS
823,3,3,Galio,83,FALSE,FALSE,EULCS
824,223,4,Tahm Kench,83,FALSE,FALSE,EULCS
825,498,5,Xayah,83,FALSE,FALSE,EULCS
826,41,6,Gangplank,83,FALSE,FALSE,EULCS
827,2,7,Olaf,83,FALSE,FALSE,EULCS
828,50,8,Swain,83,FALSE,FALSE,EULCS
829,72,9,Skarner,83,FALSE,FALSE,EULCS
830,25,10,Morgana,83,FALSE,FALSE,EULCS
831,3,1,Galio,84,FALSE,FALSE,EULCS
832,18,2,Tristana,84,FALSE,FALSE,EULCS
833,2,3,Olaf,84,FALSE,FALSE,EULCS
834,51,4,Caitlyn,84,FALSE,FALSE,EULCS
835,72,5,Skarner,84,FALSE,FALSE,EULCS
836,121,6,Kha'Zix,84,FALSE,FALSE,EULCS
837,12,7,Alistar,84,FALSE,FALSE,EULCS
838,34,8,Anivia,84,FALSE,FALSE,EULCS
839,223,9,Tahm Kench,84,FALSE,FALSE,EULCS
840,98,10,Shen,84,FALSE,FALSE,EULCS
841,2,1,Olaf,85,FALSE,FALSE,EULCS
842,14,2,Sion,85,FALSE,FALSE,EULCS
843,51,3,Caitlyn,85,FALSE,FALSE,EULCS
844,72,4,Skarner,85,FALSE,FALSE,EULCS
845,50,5,Swain,85,FALSE,FALSE,EULCS
846,268,6,Azir,85,FALSE,FALSE,EULCS
847,59,7,Jarvan IV,85,FALSE,FALSE,EULCS
848,13,8,Ryze,85,FALSE,FALSE,EULCS
849,121,9,Kha'Zix,85,FALSE,FALSE,EULCS
850,223,10,Tahm Kench,85,FALSE,FALSE,EULCS
851,18,1,Tristana,86,FALSE,FALSE,EULCS
852,2,2,Olaf,86,FALSE,FALSE,EULCS
853,14,3,Sion,86,FALSE,FALSE,EULCS
854,150,4,Gnar,86,FALSE,FALSE,EULCS
855,164,5,Camille,86,FALSE,FALSE,EULCS
856,3,6,Galio,86,FALSE,FALSE,EULCS
857,25,7,Morgana,86,FALSE,FALSE,EULCS
858,50,8,Swain,86,FALSE,FALSE,EULCS
859,412,9,Thresh,86,FALSE,FALSE,EULCS
860,42,10,Corki,86,FALSE,FALSE,EULCS
861,498,1,Xayah,87,FALSE,FALSE,EULCS
862,268,2,Azir,87,FALSE,FALSE,EULCS
863,81,3,Ezreal,87,FALSE,FALSE,EULCS
864,51,4,Caitlyn,87,FALSE,FALSE,EULCS
865,3,5,Galio,87,FALSE,FALSE,EULCS
866,18,6,Tristana,87,FALSE,FALSE,EULCS
867,13,7,Ryze,87,FALSE,FALSE,EULCS
868,110,8,Varus,87,FALSE,FALSE,EULCS
869,69,9,Cassiopeia,87,FALSE,FALSE,EULCS
870,41,10,Gangplank,87,FALSE,FALSE,EULCS
871,3,1,Galio,88,FALSE,FALSE,EULCS
872,14,2,Sion,88,FALSE,FALSE,EULCS
873,2,3,Olaf,88,FALSE,FALSE,EULCS
874,72,4,Skarner,88,FALSE,FALSE,EULCS
875,51,5,Caitlyn,88,FALSE,FALSE,EULCS
876,13,6,Ryze,88,FALSE,FALSE,EULCS
877,78,7,Poppy,88,FALSE,FALSE,EULCS
878,164,8,Camille,88,FALSE,FALSE,EULCS
879,516,9,Ornn,88,FALSE,FALSE,EULCS
880,41,10,Gangplank,88,FALSE,FALSE,EULCS
881,51,1,Caitlyn,89,FALSE,FALSE,EULCS
882,3,2,Galio,89,FALSE,FALSE,EULCS
883,498,3,Xayah,89,FALSE,FALSE,EULCS
884,164,4,Camille,89,FALSE,FALSE,EULCS
885,154,5,Zac,89,FALSE,FALSE,EULCS
886,18,6,Tristana,89,FALSE,FALSE,EULCS
887,2,7,Olaf,89,FALSE,FALSE,EULCS
888,110,8,Varus,89,FALSE,FALSE,EULCS
889,163,9,Taliyah,89,FALSE,FALSE,EULCS
890,222,10,Jinx,89,FALSE,FALSE,EULCS
891,2,1,Olaf,90,FALSE,FALSE,EULCS
892,14,2,Sion,90,FALSE,FALSE,EULCS
893,164,3,Camille,90,FALSE,FALSE,EULCS
894,498,4,Xayah,90,FALSE,FALSE,EULCS
895,72,5,Skarner,90,FALSE,FALSE,EULCS
896,3,6,Galio,90,FALSE,FALSE,EULCS
897,516,7,Ornn,90,FALSE,FALSE,EULCS
898,13,8,Ryze,90,FALSE,FALSE,EULCS
899,31,9,Cho'Gath,90,FALSE,FALSE,EULCS
900,69,10,Cassiopeia,90,FALSE,FALSE,EULCS
901,223,1,Tahm Kench,91,TRUE,FALSE,EULCS
902,51,2,Caitlyn,91,TRUE,FALSE,EULCS
903,96,3,Kog'Maw,91,TRUE,FALSE,EULCS
904,14,4,Sion,91,TRUE,FALSE,EULCS
905,3,5,Galio,91,TRUE,FALSE,EULCS
906,498,6,Xayah,91,TRUE,FALSE,EULCS
907,12,7,Alistar,91,TRUE,FALSE,EULCS
908,15,8,Sivir,91,TRUE,FALSE,EULCS
909,31,9,Cho'Gath,91,TRUE,FALSE,EULCS
910,81,10,Ezreal,91,TRUE,FALSE,EULCS
911,50,1,Swain,92,FALSE,TRUE,EULCS
912,121,2,Kha'Zix,92,FALSE,TRUE,EULCS
913,223,3,Tahm Kench,92,FALSE,TRUE,EULCS
914,268,4,Azir,92,FALSE,TRUE,EULCS
915,13,5,Ryze,92,FALSE,TRUE,EULCS
916,201,6,Braum,92,FALSE,TRUE,EULCS
917,34,7,Anivia,92,FALSE,TRUE,EULCS
918,2,8,Olaf,92,FALSE,TRUE,EULCS
919,3,9,Galio,92,FALSE,TRUE,EULCS
920,8,10,Vladimir,92,FALSE,TRUE,EULCS
921,50,1,Swain,93,FALSE,TRUE,EULCS
922,121,2,Kha'Zix,93,FALSE,TRUE,EULCS
923,223,3,Tahm Kench,93,FALSE,TRUE,EULCS
924,268,4,Azir,93,FALSE,TRUE,EULCS
925,14,5,Sion,93,FALSE,TRUE,EULCS
926,498,6,Xayah,93,FALSE,TRUE,EULCS
927,72,7,Skarner,93,FALSE,TRUE,EULCS
928,3,8,Galio,93,FALSE,TRUE,EULCS
929,2,9,Olaf,93,FALSE,TRUE,EULCS
930,69,10,Cassiopeia,93,FALSE,TRUE,EULCS
931,154,1,Zac,94,FALSE,TRUE,EULCS
932,121,2,Kha'Zix,94,FALSE,TRUE,EULCS
933,223,3,Tahm Kench,94,FALSE,TRUE,EULCS
934,268,4,Azir,94,FALSE,TRUE,EULCS
935,25,5,Morgana,94,FALSE,TRUE,EULCS
936,498,6,Xayah,94,FALSE,TRUE,EULCS
937,69,7,Cassiopeia,94,FALSE,TRUE,EULCS
938,12,8,Alistar,94,FALSE,TRUE,EULCS
939,202,9,Jhin,94,FALSE,TRUE,EULCS
940,201,10,Braum,94,FALSE,TRUE,EULCS
941,268,1,Azir,95,FALSE,TRUE,EULCS
942,498,2,Xayah,95,FALSE,TRUE,EULCS
943,50,3,Swain,95,FALSE,TRUE,EULCS
944,3,4,Galio,95,FALSE,TRUE,EULCS
945,223,5,Tahm Kench,95,FALSE,TRUE,EULCS
946,51,6,Caitlyn,95,FALSE,TRUE,EULCS
947,12,7,Alistar,95,FALSE,TRUE,EULCS
948,154,8,Zac,95,FALSE,TRUE,EULCS
949,201,9,Braum,95,FALSE,TRUE,EULCS
950,121,10,Kha'Zix,95,FALSE,TRUE,EULCS
951,498,1,Xayah,96,FALSE,TRUE,EULCS
952,268,2,Azir,96,FALSE,TRUE,EULCS
953,3,3,Galio,96,FALSE,TRUE,EULCS
954,13,4,Ryze,96,FALSE,TRUE,EULCS
955,50,5,Swain,96,FALSE,TRUE,EULCS
956,223,6,Tahm Kench,96,FALSE,TRUE,EULCS
957,24,7,Jax,96,FALSE,TRUE,EULCS
958,12,8,Alistar,96,FALSE,TRUE,EULCS
959,14,9,Sion,96,FALSE,TRUE,EULCS
960,34,10,Anivia,96,FALSE,TRUE,EULCS
961,268,1,Azir,97,FALSE,TRUE,EULCS
962,498,2,Xayah,97,FALSE,TRUE,EULCS
963,50,3,Swain,97,FALSE,TRUE,EULCS
964,3,4,Galio,97,FALSE,TRUE,EULCS
965,223,5,Tahm Kench,97,FALSE,TRUE,EULCS
966,164,6,Camille,97,FALSE,TRUE,EULCS
967,202,7,Jhin,97,FALSE,TRUE,EULCS
968,412,8,Thresh,97,FALSE,TRUE,EULCS
969,222,9,Jinx,97,FALSE,TRUE,EULCS
970,25,10,Morgana,97,FALSE,TRUE,EULCS
971,498,1,Xayah,98,FALSE,TRUE,EULCS
972,268,2,Azir,98,FALSE,TRUE,EULCS
973,164,3,Camille,98,FALSE,TRUE,EULCS
974,13,4,Ryze,98,FALSE,TRUE,EULCS
975,50,5,Swain,98,FALSE,TRUE,EULCS
976,412,6,Thresh,98,FALSE,TRUE,EULCS
977,163,7,Taliyah,98,FALSE,TRUE,EULCS
978,3,8,Galio,98,FALSE,TRUE,EULCS
979,31,9,Cho'Gath,98,FALSE,TRUE,EULCS
980,69,10,Cassiopeia,98,FALSE,TRUE,EULCS
981,268,1,Azir,99,FALSE,TRUE,EULCS
982,498,2,Xayah,99,FALSE,TRUE,EULCS
983,50,3,Swain,99,FALSE,TRUE,EULCS
984,164,4,Camille,99,FALSE,TRUE,EULCS
985,13,5,Ryze,99,FALSE,TRUE,EULCS
986,51,6,Caitlyn,99,FALSE,TRUE,EULCS
987,34,7,Anivia,99,FALSE,TRUE,EULCS
988,113,8,Sejuani,99,FALSE,TRUE,EULCS
989,222,9,Jinx,99,FALSE,TRUE,EULCS
990,69,10,Cassiopeia,99,FALSE,TRUE,EULCS
991,121,1,Kha'Zix,100,FALSE,TRUE,EULCS
992,154,2,Zac,100,FALSE,TRUE,EULCS
993,268,3,Azir,100,FALSE,TRUE,EULCS
994,498,4,Xayah,100,FALSE,TRUE,EULCS
995,164,5,Camille,100,FALSE,TRUE,EULCS
996,51,6,Caitlyn,100,FALSE,TRUE,EULCS
997,110,7,Varus,100,FALSE,TRUE,EULCS
998,76,8,Nidalee,100,FALSE,TRUE,EULCS
999,201,9,Braum,100,FALSE,TRUE,EULCS
1000,96,10,Kog'Maw,100,FALSE,TRUE,EULCS
1001,154,1,Zac,101,FALSE,TRUE,EULCS
1002,121,2,Kha'Zix,101,FALSE,TRUE,EULCS
1003,498,3,Xayah,101,FALSE,TRUE,EULCS
1004,164,4,Camille,101,FALSE,TRUE,EULCS
1005,48,5,Trundle,101,FALSE,TRUE,EULCS
1006,2,6,Olaf,101,FALSE,TRUE,EULCS
1007,41,7,Gangplank,101,FALSE,TRUE,EULCS
1008,268,8,Azir,101,FALSE,TRUE,EULCS
1009,110,9,Varus,101,FALSE,TRUE,EULCS
1010,40,10,Janna,101,FALSE,TRUE,EULCS
1011,154,1,Zac,102,FALSE,TRUE,EULCS
1012,121,2,Kha'Zix,102,FALSE,TRUE,EULCS
1013,498,3,Xayah,102,FALSE,TRUE,EULCS
1014,164,4,Camille,102,FALSE,TRUE,EULCS
1015,48,5,Trundle,102,FALSE,TRUE,EULCS
1016,223,6,Tahm Kench,102,FALSE,TRUE,EULCS
1017,69,7,Cassiopeia,102,FALSE,TRUE,EULCS
1018,12,8,Alistar,102,FALSE,TRUE,EULCS
1019,268,9,Azir,102,FALSE,TRUE,EULCS
1020,51,10,Caitlyn,102,FALSE,TRUE,EULCS
1021,121,1,Kha'Zix,103,FALSE,TRUE,EULCS
1022,154,2,Zac,103,FALSE,TRUE,EULCS
1023,223,3,Tahm Kench,103,FALSE,TRUE,EULCS
1024,50,4,Swain,103,FALSE,TRUE,EULCS
1025,412,5,Thresh,103,FALSE,TRUE,EULCS
1026,498,6,Xayah,103,FALSE,TRUE,EULCS
1027,268,7,Azir,103,FALSE,TRUE,EULCS
1028,15,8,Sivir,103,FALSE,TRUE,EULCS
1029,25,9,Morgana,103,FALSE,TRUE,EULCS
1030,81,10,Ezreal,103,FALSE,TRUE,EULCS
1031,18,1,Tristana,104,FALSE,TRUE,EULCS
1032,13,2,Ryze,104,FALSE,TRUE,EULCS
1033,498,3,Xayah,104,FALSE,TRUE,EULCS
1034,51,4,Caitlyn,104,FALSE,TRUE,EULCS
1035,164,5,Camille,104,FALSE,TRUE,EULCS
1036,50,6,Swain,104,FALSE,TRUE,EULCS
1037,98,7,Shen,104,FALSE,TRUE,EULCS
1038,150,8,Gnar,104,FALSE,TRUE,EULCS
1039,412,9,Thresh,104,FALSE,TRUE,EULCS
1040,72,10,Skarner,104,FALSE,TRUE,EULCS
1041,13,1,Ryze,105,FALSE,TRUE,EULCS
1042,498,2,Xayah,105,FALSE,TRUE,EULCS
1043,51,3,Caitlyn,105,FALSE,TRUE,EULCS
1044,18,4,Tristana,105,FALSE,TRUE,EULCS
1045,14,5,Sion,105,FALSE,TRUE,EULCS
1046,202,6,Jhin,105,FALSE,TRUE,EULCS
1047,142,7,Zoe,105,FALSE,TRUE,EULCS
1048,110,8,Varus,105,FALSE,TRUE,EULCS
1049,48,9,Trundle,105,FALSE,TRUE,EULCS
1050,2,10,Olaf,105,FALSE,TRUE,EULCS
1051,13,1,Ryze,106,FALSE,TRUE,EULCS
1052,498,2,Xayah,106,FALSE,TRUE,EULCS
1053,51,3,Caitlyn,106,FALSE,TRUE,EULCS
1054,18,4,Tristana,106,FALSE,TRUE,EULCS
1055,14,5,Sion,106,FALSE,TRUE,EULCS
1056,202,6,Jhin,106,FALSE,TRUE,EULCS
1057,142,7,Zoe,106,FALSE,TRUE,EULCS
1058,15,8,Sivir,106,FALSE,TRUE,EULCS
1059,41,9,Gangplank,106,FALSE,TRUE,EULCS
1060,110,10,Varus,106,FALSE,TRUE,EULCS
1061,13,1,Ryze,107,FALSE,TRUE,EULCS
1062,498,2,Xayah,107,FALSE,TRUE,EULCS
1063,51,3,Caitlyn,107,FALSE,TRUE,EULCS
1064,18,4,Tristana,107,FALSE,TRUE,EULCS
1065,164,5,Camille,107,FALSE,TRUE,EULCS
1066,202,6,Jhin,107,FALSE,TRUE,EULCS
1067,15,7,Sivir,107,FALSE,TRUE,EULCS
1068,110,8,Varus,107,FALSE,TRUE,EULCS
1069,222,9,Jinx,107,FALSE,TRUE,EULCS
1070,98,10,Shen,107,FALSE,TRUE,EULCS
1071,498,1,Xayah,108,FALSE,TRUE,EULCS
1072,13,2,Ryze,108,FALSE,TRUE,EULCS
1073,164,3,Camille,108,FALSE,TRUE,EULCS
1074,50,4,Swain,108,FALSE,TRUE,EULCS
1075,69,5,Cassiopeia,108,FALSE,TRUE,EULCS
1076,223,6,Tahm Kench,108,FALSE,TRUE,EULCS
1077,25,7,Morgana,108,FALSE,TRUE,EULCS
1078,41,8,Gangplank,108,FALSE,TRUE,EULCS
1079,412,9,Thresh,108,FALSE,TRUE,EULCS
1080,516,10,Ornn,108,FALSE,TRUE,EULCS
1081,498,1,Xayah,109,FALSE,TRUE,EULCS
1082,13,2,Ryze,109,FALSE,TRUE,EULCS
1083,164,3,Camille,109,FALSE,TRUE,EULCS
1084,50,4,Swain,109,FALSE,TRUE,EULCS
1085,121,5,Kha'Zix,109,FALSE,TRUE,EULCS
1086,51,6,Caitlyn,109,FALSE,TRUE,EULCS
1087,110,7,Varus,109,FALSE,TRUE,EULCS
1088,202,8,Jhin,109,FALSE,TRUE,EULCS
1089,115,9,Ziggs,109,FALSE,TRUE,EULCS
1090,18,10,Tristana,109,FALSE,TRUE,EULCS
1091,498,1,Xayah,110,FALSE,TRUE,EULCS
1092,13,2,Ryze,110,FALSE,TRUE,EULCS
1093,164,3,Camille,110,FALSE,TRUE,EULCS
1094,50,4,Swain,110,FALSE,TRUE,EULCS
1095,48,5,Trundle,110,FALSE,TRUE,EULCS
1096,51,6,Caitlyn,110,FALSE,TRUE,EULCS
1097,110,7,Varus,110,FALSE,TRUE,EULCS
1098,69,8,Cassiopeia,110,FALSE,TRUE,EULCS
1099,115,9,Ziggs,110,FALSE,TRUE,EULCS
1100,18,10,Tristana,110,FALSE,TRUE,EULCS
1101,498,1,Xayah,111,FALSE,TRUE,EULCS
1102,13,2,Ryze,111,FALSE,TRUE,EULCS
1103,164,3,Camille,111,FALSE,TRUE,EULCS
1104,50,4,Swain,111,FALSE,TRUE,EULCS
1105,48,5,Trundle,111,FALSE,TRUE,EULCS
1106,51,6,Caitlyn,111,FALSE,TRUE,EULCS
1107,412,7,Thresh,111,FALSE,TRUE,EULCS
1108,18,8,Tristana,111,FALSE,TRUE,EULCS
1109,41,9,Gangplank,111,FALSE,TRUE,EULCS
1110,201,10,Braum,111,FALSE,TRUE,EULCS
1111,498,1,Xayah,112,FALSE,TRUE,EULCS
1112,13,2,Ryze,112,FALSE,TRUE,EULCS
1113,164,3,Camille,112,FALSE,TRUE,EULCS
1114,50,4,Swain,112,FALSE,TRUE,EULCS
1115,72,5,Skarner,112,FALSE,TRUE,EULCS
1116,51,6,Caitlyn,112,FALSE,TRUE,EULCS
1117,110,7,Varus,112,FALSE,TRUE,EULCS
1118,154,8,Zac,112,FALSE,TRUE,EULCS
1119,15,9,Sivir,112,FALSE,TRUE,EULCS
1120,121,10,Kha'Zix,112,FALSE,TRUE,EULCS
1121,164,1,Camille,113,FALSE,TRUE,EULCS
1122,498,2,Xayah,113,FALSE,TRUE,EULCS
1123,48,3,Trundle,113,FALSE,TRUE,EULCS
1124,50,4,Swain,113,FALSE,TRUE,EULCS
1125,2,5,Olaf,113,FALSE,TRUE,EULCS
1126,72,6,Skarner,113,FALSE,TRUE,EULCS
1127,69,7,Cassiopeia,113,FALSE,TRUE,EULCS
1128,114,8,Fiora,113,FALSE,TRUE,EULCS
1129,268,9,Azir,113,FALSE,TRUE,EULCS
1130,41,10,Gangplank,113,FALSE,TRUE,EULCS
1131,498,1,Xayah,114,FALSE,TRUE,EULCS
1132,164,2,Camille,114,FALSE,TRUE,EULCS
1133,18,3,Tristana,114,FALSE,TRUE,EULCS
1134,50,4,Swain,114,FALSE,TRUE,EULCS
1135,48,5,Trundle,114,FALSE,TRUE,EULCS
1136,114,6,Fiora,114,FALSE,TRUE,EULCS
1137,222,7,Jinx,114,FALSE,TRUE,EULCS
1138,81,8,Ezreal,114,FALSE,TRUE,EULCS
1139,69,9,Cassiopeia,114,FALSE,TRUE,EULCS
1140,13,10,Ryze,114,FALSE,TRUE,EULCS
1141,164,1,Camille,115,FALSE,TRUE,EULCS
1142,498,2,Xayah,115,FALSE,TRUE,EULCS
1143,2,3,Olaf,115,FALSE,TRUE,EULCS
1144,50,4,Swain,115,FALSE,TRUE,EULCS
1145,48,5,Trundle,115,FALSE,TRUE,EULCS
1146,201,6,Braum,115,FALSE,TRUE,EULCS
1147,142,7,Zoe,115,FALSE,TRUE,EULCS
1148,114,8,Fiora,115,FALSE,TRUE,EULCS
1149,412,9,Thresh,115,FALSE,TRUE,EULCS
1150,41,10,Gangplank,115,FALSE,TRUE,EULCS
